南京学无涯文化传播有限公司,聘驻池州市办事处经理,https://jobs.51job.com/chizhou/112772188.html?s=01&t=0
南京顶益食品有限公司合肥分公司,康师傅业务代表（池州）,https://jobs.51job.com/chizhou/110149544.html?s=01&t=0
合肥百悦商贸有限责任公司,池州市白酒城市经理（当地上班）,https://jobs.51job.com/chizhou/110136438.html?s=01&t=0
山东农大肥业科技有限公司,区域销售经理（安庆、池州、铜陵）,https://jobs.51job.com/anqing/112150400.html?s=01&t=0
合肥金佰年医学养生用品有限公司,临床医药代表-池州,https://jobs.51job.com/hefei/112138089.html?s=01&t=0
安徽广进源智能设备有限公司,母婴渠道销售经理（池州）,https://jobs.51job.com/chizhou/112577453.html?s=01&t=0
上海必胜客有限公司南京分公司,必胜客餐厅储备经理-池州,https://jobs.51job.com/chizhou/110282696.html?s=01&t=0
上海昕茂装饰工程有限公司,助理项目经理（建筑涂装）（池州）,https://jobs.51job.com/chizhou/112447429.html?s=01&t=0
合肥诺森医学检验有限公司,池州区域销售代表,https://jobs.51job.com/chizhou/111537341.html?s=01&t=0
安徽成文财务管理咨询有限公司,池州贵池会计,https://jobs.51job.com/chizhou/112481508.html?s=01&t=0
中国光大银行合肥分行信用卡业务部,中国光大银行信用卡客户经理（池州）,https://jobs.51job.com/chizhou/94730054.html?s=01&t=0
广东原创科技有限公司,通信设计工程师（池州）,https://jobs.51job.com/chizhou/98173159.html?s=01&t=0
明发集团池州房地产开发有限公司,总工（池州青阳）,https://jobs.51job.com/chizhou/111146509.html?s=01&t=0
立邦涂料（中国）有限公司,销售专员/渠道/业务员（池州）,https://jobs.51job.com/chizhou/110303822.html?s=01&t=0
合肥英通谷百货有限公司,池州区域经理,https://jobs.51job.com/chizhou/112259246.html?s=01&t=0
合肥医星医疗科技发展有限公司,营销总监——安庆、池州,https://jobs.51job.com/hefei/112454059.html?s=01&t=0
天利和汽车实业有限公司,财务经理（池州奥迪）,https://jobs.51job.com/chizhou/111398583.html?s=01&t=0
奥镁（大连）有限公司,精益工程师-工作地点安徽池州,https://jobs.51job.com/chizhou/112605782.html?s=01&t=0
合肥妈贝谷电子商务有限公司,池州销售业务人员,https://jobs.51job.com/chizhou/110538598.html?s=01&t=0
安徽合富辉煌房地产顾问有限公司,置业顾问（工作地点：池州）,https://jobs.51job.com/chizhou/110384338.html?s=01&t=0
云南金六福贸易有限公司,招池州地区销售总监,https://jobs.51job.com/chizhou/91090374.html?s=01&t=0
中顺洁柔纸业股份有限公司,KA业务主管（池州）,https://jobs.51job.com/nanjing/106479377.html?s=01&t=0
安徽盛世中安体育用品有限公司,安踏诚聘-池州区域主管,https://jobs.51job.com/hefei-bhq/89278964.html?s=01&t=0
合肥德诺商务咨询有限公司,外访催收+六险一金（池州东至）,https://jobs.51job.com/chizhou/107442845.html?s=01&t=0
合肥志诚教育股份有限公司,学科教师（池州）,https://jobs.51job.com/chizhou/95798412.html?s=01&t=0
上海耀大生物科技有限公司,高级医药代表（安徽-池州）,https://jobs.51job.com/chizhou/109193185.html?s=01&t=0
安徽领航居家服务有限公司,池州社会工作者,https://jobs.51job.com/chizhou/111936025.html?s=01&t=0
安徽正德互联信息技术有限公司,池州移动电话经理(周未单双休),https://jobs.51job.com/chizhou/110357596.html?s=01&t=0
安徽宿州鹿鹿食品有限公司,池州区域经理,https://jobs.51job.com/suzhoue/105389025.html?s=01&t=0
南京屈臣氏个人用品商店有限公司,屈臣氏店铺副经理（池州青阳）,https://jobs.51job.com/chizhou/108469561.html?s=01&t=0
安宝乐营养品（中国）有限公司,安徽池州地区城市经理,https://jobs.51job.com/changzhou/107575102.html?s=01&t=0
湖北拉思特网络科技有限公司,招募池州区域销售负责人,https://jobs.51job.com/chizhou/112564289.html?s=01&t=0
中国电信安徽公司,信息化技术支撑工程师(池州),https://jobs.51job.com/chizhou/105533815.html?s=01&t=0
南京正大天晴制药有限公司,池州医药代表,https://jobs.51job.com/chizhou/78598110.html?s=01&t=0
捷信消费金融有限公司,区域销售经理（池州）,https://jobs.51job.com/chizhou/101706808.html?s=01&t=0
南京元新冲压技术有限公司,酒店总经理（工作地点：池州）,https://jobs.51job.com/chizhou/109974085.html?s=01&t=0
广东海大集团股份有限公司,采购专员-安徽池州,https://jobs.51job.com/chizhou/104165314.html?s=01&t=0
科大讯飞股份有限公司,用户运营-教育事业群-池州,https://jobs.51job.com/hefei-gxq/109935690.html?s=01&t=0
华住酒店管理有限公司,汉庭酒店总经理（池州）,https://jobs.51job.com/anhuisheng/84962536.html?s=01&t=0
明发集团有限公司,预算部经理（安徽池州东至项目）,https://jobs.51job.com/chizhou/107984558.html?s=01&t=0
吉林敖东健康科技有限公司,池州 区域经理（医药、保健）,https://jobs.51job.com/chizhou/99059277.html?s=01&t=0
江西金预康健康产业有限公司,销售经理--池州地区,https://jobs.51job.com/chizhou/97885639.html?s=01&t=0
视联动力信息技术股份有限公司,商务拓展经理-池州(J10105),https://jobs.51job.com/chizhou/109989466.html?s=01&t=0
合肥千麦医学检验所有限公司,池州医学销售代表,https://jobs.51job.com/hefei/105605265.html?s=01&t=0
乐普药业股份有限公司,OTC销售代表（安徽：池州、铜陵）,https://jobs.51job.com/chizhou/111550660.html?s=01&t=0
贵阳新天药业股份有限公司,基层医药代表(池州),https://jobs.51job.com/chizhou/84051484.html?s=01&t=0
常州千红生化制药股份有限公司,安徽池州、铜陵医药产品信息专员,https://jobs.51job.com/chizhou/74177313.html?s=01&t=0
长春金赛药业股份有限公司,销售代表（池州）,https://jobs.51job.com/chizhou/111640281.html?s=01&t=0
安徽康视眼健康管理有限公司,护士—池州,https://jobs.51job.com/chizhou/111475758.html?s=01&t=0
安庆市宜秀区鑫福源母婴用品商行,池州区域奶粉销售经理,https://jobs.51job.com/anqing/112338856.html?s=01&t=0
环球车享池州汽车租赁有限公司,销售专员,https://jobs.51job.com/chizhou/111966620.html?s=01&t=0
海南碧凯药业有限公司,OTC代表（池州）,https://jobs.51job.com/chizhou/50568400.html?s=01&t=0
池州山立分子筛有限公司,技术员工程师,https://jobs.51job.com/chizhou/111604961.html?s=01&t=0
池州神画巨幕电影院有限公司,销售经理,https://jobs.51job.com/chizhou/110907363.html?s=01&t=0
池州市新润生产力促进中心有限公司,项目咨询工程师,https://jobs.51job.com/chizhou/95941051.html?s=01&t=0
池州市新润生产力促进中心有限公司,项目咨询助理,https://jobs.51job.com/chizhou/95879859.html?s=01&t=0
池州市贵池区乐航课外教育学校有限...,初中英语老师,https://jobs.51job.com/chizhou/110725600.html?s=01&t=0
明发集团池州房地产开发有限公司,开发经理,https://jobs.51job.com/chizhou/102343093.html?s=01&t=0
池州市贵池区乐航课外教育学校有限...,舞蹈老师,https://jobs.51job.com/chizhou/111186227.html?s=01&t=0
池州金鼎装饰工程有限公司,工程资料员,https://jobs.51job.com/chizhou/111091158.html?s=01&t=0
池州市贵池区乐航课外教育学校有限...,初中数学老师,https://jobs.51job.com/chizhou/110770504.html?s=01&t=0
池州市青山环保工程有限公司,环保资料编写,https://jobs.51job.com/chizhou/105341182.html?s=01&t=0
池州市青山环保工程有限公司,环保验收,https://jobs.51job.com/chizhou/101778004.html?s=01&t=0
池州市青山环保工程有限公司,环保验收,https://jobs.51job.com/chizhou/101778003.html?s=01&t=0
池州市青山环保工程有限公司,环保验收,https://jobs.51job.com/chizhou/101778002.html?s=01&t=0
池州市青山环保工程有限公司,环保验收,https://jobs.51job.com/chizhou/101778001.html?s=01&t=0
池州市青山环保工程有限公司,环保验收,https://jobs.51job.com/chizhou/101778000.html?s=01&t=0
浙江天天上路汽车有限公司,宣城分公司客户经理（池州）,https://jobs.51job.com/chizhou/109212570.html?s=01&t=0
安徽红和顺酒业销售有限责任公司,池州区域经理,https://jobs.51job.com/chizhou/110792090.html?s=01&t=0
安徽航天信息科技有限公司,池州分公司副总经理,https://jobs.51job.com/chizhou/110982443.html?s=01&t=0
安徽沛远住宅配套工程有限公司,客户经理（芜湖、黄山、铜陵、池州）,https://jobs.51job.com/wuhu/96507258.html?s=01&t=0
南京万腾房地产营销策划有限公司,售楼处行销（池州）,https://jobs.51job.com/nanjing/108900881.html?s=01&t=0
安徽讯飞联创信息科技有限公司,池州运营推广岗（急招）,https://jobs.51job.com/chizhou/98971558.html?s=01&t=0
海拍客,城市经理（母婴行业）-安徽池州,https://jobs.51job.com/chizhou/96361240.html?s=01&t=0
美赞臣营养品（中国）有限公司,池州销售代表,https://jobs.51job.com/anhuisheng/112354039.html?s=01&t=0
众之闻汽车配件（广州）有限责任公司,城市合伙人（池州）,https://jobs.51job.com/chizhou/107668962.html?s=01&t=0
新华人寿保险股份有限公司安徽分公司,综合柜员岗(池州东至）,https://jobs.51job.com/chizhou/109030388.html?s=01&t=0
正大天晴药业集团股份有限公司,医药代表（池州）(J12014),https://jobs.51job.com/chizhou/112365767.html?s=01&t=0
广东坚朗五金制品股份有限公司,销售代表/业务员（上市公司）池州(J10822),https://jobs.51job.com/chizhou/110173594.html?s=01&t=0
长春铸诚集团有限责任公司,池州市销售经理,https://jobs.51job.com/chizhou/110117017.html?s=01&t=0
浙江五丰冷食有限公司,销售业务代表,https://jobs.51job.com/wuhu/110313213.html?s=01&t=0
池州市青山环保工程有限公司,环保验收,https://jobs.51job.com/chizhou/101777989.html?s=01&t=0
池州市青山环保工程有限公司,环境影响评价师,https://jobs.51job.com/chizhou/92323400.html?s=01&t=0
池州市青山环保工程有限公司,环境影响评价师,https://jobs.51job.com/chizhou/92323377.html?s=01&t=0
池州市青山环保工程有限公司,环境影响评价师,https://jobs.51job.com/chizhou/92323358.html?s=01&t=0
池州市青山环保工程有限公司,环境影响评价师,https://jobs.51job.com/chizhou/92322215.html?s=01&t=0
池州市青山环保工程有限公司,环境影响评价师,https://jobs.51job.com/chizhou/92319830.html?s=01&t=0
池州市青山环保工程有限公司,环境影响评价师,https://jobs.51job.com/chizhou/92183757.html?s=01&t=0
池州市青山环保工程有限公司,污水处理工程师,https://jobs.51job.com/chizhou/91928464.html?s=01&t=0
池州市青山环保工程有限公司,废气处理工程师,https://jobs.51job.com/chizhou/91928460.html?s=01&t=0
池州联科电子工业设备制造有限公司,激光师傅,https://jobs.51job.com/chizhou/112405388.html?s=01&t=0
明发集团池州房地产开发有限公司,财务经理（池州青阳）,https://jobs.51job.com/chizhou/111155252.html?s=01&t=0
佛山奔狮汽车零配件科技有限公司,池州区域业务员,https://jobs.51job.com/chizhou/110137635.html?s=01&t=0
深圳市前海雪球零售科技有限责任公司,兼职合规检查员（池州）,https://jobs.51job.com/chizhou/105756363.html?s=01&t=0
四川西南航空职业学院,池州市招生选拔主管,https://jobs.51job.com/hefei/67568984.html?s=01&t=0
深圳市点购电子商务控股股份有限公...,池州是招商总经理,https://jobs.51job.com/chizhou/104709085.html?s=01&t=0
上海阔礼商务咨询有限公司,营业部经理（池州）,https://jobs.51job.com/chizhou/109100963.html?s=01&t=0
百跃羊乳集团（百跃1985）营销中心,池州 铜陵区域经理,https://jobs.51job.com/anhuisheng/109732775.html?s=01&t=0
江苏康缘药业股份有限公司,医药代表（池州）,https://jobs.51job.com/lianyungang/105050565.html?s=01&t=0
合肥市众牛建材有限公司,创业经理 （池州） 0资金创业,https://jobs.51job.com/chizhou/109113697.html?s=01&t=0
北京中科特瑞科技有限公司,池州职业导师,https://jobs.51job.com/chizhou/108371603.html?s=01&t=0
安徽红太阳生物化学有限公司,绩效专员（工作地点：安徽池州东至）,https://jobs.51job.com/chizhou/106953157.html?s=01&t=0
池州显闰环境工程有限公司,环评工程师 工作地点：安徽池州,https://jobs.51job.com/chizhou/111389068.html?s=01&t=0
安徽标远商业管理有限公司,销售经理（急招 池州区域）,https://jobs.51job.com/chizhou/108713613.html?s=01&t=0
康姿百德集团有限公司,底薪5000聘池州店长（驻店管理）,https://jobs.51job.com/chizhou/102606683.html?s=01&t=0
合肥千帆医药科技咨询有限公司,药品代理(池州),https://jobs.51job.com/chizhou/111318310.html?s=01&t=0
安徽省中盛源兴医疗器械销售有限责...,池州市医疗器械销售代表 无责任底薪3600+高提成,https://jobs.51job.com/chizhou/109215123.html?s=01&t=0
东阿阿胶股份有限公司,央企助理销售经理-池州,https://jobs.51job.com/chizhou/111244099.html?s=01&t=0
合肥智圣新创信息技术有限公司,客户经理（池州）,https://jobs.51job.com/hefei/93511754.html?s=01&t=0
中瑞集团,渠道销售经理,https://jobs.51job.com/anhuisheng/109711169.html?s=01&t=0
九江天赐高新材料有限公司,质量工程师（管理培训生）,https://jobs.51job.com/jiujiang/108009604.html?s=01&t=0
安徽泰升节能科技有限公司,销售业务员,https://jobs.51job.com/chizhou/103803116.html?s=01&t=0
中航国铁（北京）教育投资管理有限...,校区主任/校区负责人,https://jobs.51job.com/hefei/111611567.html?s=01&t=0
安徽荣创芯科自动化设备制造有限公司,采购专员（机械加工品）,https://jobs.51job.com/chizhou/106398165.html?s=01&t=0
上海旺妙实业有限公司,渠道分销,https://jobs.51job.com/guangzhou/101582355.html?s=01&t=0
江西民济药业有限公司,安徽省 第三终端：地总、地区经理（特色疗法）,https://jobs.51job.com/hefei-jkq/108607708.html?s=01&t=0
纽奶乐乳业（中国）有限公司,推广专员,https://jobs.51job.com/anhuisheng/111667188.html?s=01&t=0
广州王老吉大健康产业有限公司,业务代表/销售代表/销售精英,https://jobs.51job.com/chizhou/80231901.html?s=01&t=0
山东阳谷古阿井阿胶厂,区域经理,https://jobs.51job.com/anqing/86557188.html?s=01&t=0
青岛百洋医药股份有限公司,OTC区域经理（皖南地区）,https://jobs.51job.com/maanshan/108649263.html?s=01&t=0
安徽以诚通信技术有限公司,室分方案设计工程师,https://jobs.51job.com/hefei/84659092.html?s=01&t=0
合肥嘉悦网络科技有限责任公司,市场营销,https://jobs.51job.com/hefei-zwq/110651446.html?s=01&t=0
江苏丁是丁精密科技有限公司,冲压项目&制程工程师,https://jobs.51job.com/suzhou-wjq/109072028.html?s=01&t=0
哈工大机器人集团合肥有限公司,生产经理,https://jobs.51job.com/hefei-jkq/108174811.html?s=01&t=0
星空传媒控股（香港）有限公司,销售代表（双休/月薪4k+）,https://jobs.51job.com/hefei/94380471.html?s=01&t=0
合肥天越医药科技咨询有限公司,医药销售代表（医院）,https://jobs.51job.com/xuancheng/95528555.html?s=01&t=0
池州市青山环保工程有限公司,废气处理工程师,https://jobs.51job.com/chizhou/91731437.html?s=01&t=0
池州市青山环保工程有限公司,环保工程师,https://jobs.51job.com/chizhou/91731423.html?s=01&t=0
池州市青山环保工程有限公司,环保工程师,https://jobs.51job.com/chizhou/91731402.html?s=01&t=0
池州市青山环保工程有限公司,废气处理工程师,https://jobs.51job.com/chizhou/91731388.html?s=01&t=0
池州市青山环保工程有限公司,污水处理工程师,https://jobs.51job.com/chizhou/91731355.html?s=01&t=0
池州市青山环保工程有限公司,废气处理工程师,https://jobs.51job.com/chizhou/91731348.html?s=01&t=0
池州市青山环保工程有限公司,环保工程师,https://jobs.51job.com/chizhou/90997510.html?s=01&t=0
池州市毕玛威财务咨询有限公司,美工设计师,https://jobs.51job.com/chizhou/110942345.html?s=01&t=0
池州市贵池区乐航课外教育学校有限...,初中物理老师,https://jobs.51job.com/chizhou/110725869.html?s=01&t=0
池州金鼎装饰工程有限公司,会计,https://jobs.51job.com/chizhou/110717329.html?s=01&t=0
南京学无涯文化传播有限公司,聘驻东至市办事处经理,https://jobs.51job.com/chizhou/112772214.html?s=01&t=0
南京学无涯文化传播有限公司,聘驻青阳市办事处经理,https://jobs.51job.com/chizhou/112772203.html?s=01&t=0
南京学无涯文化传播有限公司,聘驻石台市办事处经理,https://jobs.51job.com/chizhou/112772194.html?s=01&t=0
南京学无涯文化传播有限公司,诚聘城市经理高薪（东至）,https://jobs.51job.com/chizhou/112777169.html?s=01&t=0
南京学无涯文化传播有限公司,诚聘城市经理高薪（石台）,https://jobs.51job.com/chizhou/112777158.html?s=01&t=0
南京学无涯文化传播有限公司,诚聘城市经理高薪（青阳）,https://jobs.51job.com/chizhou/112777129.html?s=01&t=0
安徽卧涛科技咨询有限公司,主办会计,https://jobs.51job.com/hefei/98917837.html?s=01&t=0
安徽森爱驰医院管理有限公司,检验销售人员,https://jobs.51job.com/wuhu/112697088.html?s=01&t=0
池州显闰环境工程有限公司,环评工程师 工作地点：安徽池州,https://jobs.51job.com/chizhou/111389066.html?s=01&t=0
池州市新润生产力促进中心有限公司,房地产估价师,https://jobs.51job.com/chizhou/111848604.html?s=01&t=0
池州联科电子工业设备制造有限公司,激光师傅,https://jobs.51job.com/chizhou/112405382.html?s=01&t=0
池州联科电子工业设备制造有限公司,数控师傅（NCT）,https://jobs.51job.com/chizhou/112405558.html?s=01&t=0
池州联科电子工业设备制造有限公司,数控师傅（NCT）,https://jobs.51job.com/chizhou/112405557.html?s=01&t=0
池州联科电子工业设备制造有限公司,采购,https://jobs.51job.com/chizhou/112430009.html?s=01&t=0
池州联科电子工业设备制造有限公司,采购,https://jobs.51job.com/chizhou/112430001.html?s=01&t=0
池州联科电子工业设备制造有限公司,数控师傅（NCT）,https://jobs.51job.com/chizhou/112405552.html?s=01&t=0
明发集团池州房地产开发有限公司,工程部经理（池州青阳）,https://jobs.51job.com/chizhou/111160212.html?s=01&t=0
明发集团池州房地产开发有限公司,土建工程师（池州青阳）,https://jobs.51job.com/chizhou/111161368.html?s=01&t=0
明发集团池州房地产开发有限公司,设计经理（池州青阳）,https://jobs.51job.com/chizhou/111166892.html?s=01&t=0
明发集团池州房地产开发有限公司,人事行政主管（池州青阳县）,https://jobs.51job.com/chizhou/112221855.html?s=01&t=0
明发集团池州房地产开发有限公司,营销经理（池州青阳县）,https://jobs.51job.com/chizhou/112220020.html?s=01&t=0
明发集团池州房地产开发有限公司,开发专员（池州）,https://jobs.51job.com/chizhou/112224133.html?s=01&t=0
合肥英通谷百货有限公司,池州市场督导,https://jobs.51job.com/chizhou/111762110.html?s=01&t=0
合肥医星医疗科技发展有限公司,高薪诚聘医疗器械销售经理（池州、铜陵）,https://jobs.51job.com/chizhou/104185244.html?s=01&t=0
合肥百悦商贸有限责任公司,大区经理（分管池州黄山及下属县城）,https://jobs.51job.com/chizhou/111632227.html?s=01&t=0
德邦快递,储备干部（池州）,http://deppon.51job.com/sc/show_job_detail.php?jobid=87247676
太平人寿保险有限公司安徽分公司,池州中支个人业务部-业务督导岗,https://jobs.51job.com/chizhou/110990355.html?s=01&t=0
铁甲工程机械网,挖掘机销售-（池州/安庆）(J11170),https://jobs.51job.com/chizhou/110974462.html?s=01&t=0
成都路行通信息技术有限公司,汽车4S店驻店销售（池州）,https://jobs.51job.com/chizhou/104288994.html?s=01&t=0
太平财产保险有限公司安徽分公司,财险安徽-池州中支（筹）-销售推动岗,https://jobs.51job.com/chizhou/110836844.html?s=01&t=0
安徽中鑫继远信息技术股份有限公司,实习生（池州市）,https://jobs.51job.com/chizhou/82974215.html?s=01&t=0
华润赛科药业有限责任公司,医药代表（池州）,https://jobs.51job.com/chizhou/104613206.html?s=01&t=0
广东椰泰生物科技有限公司,池州诚聘饮料销售经理（年薪15万）,https://jobs.51job.com/chizhou/74149698.html?s=01&t=0
池州市骏智机电科技有限公司,仓库管理员,https://jobs.51job.com/chizhou/112781064.html?s=01&t=0
宁波金美亚池州管桩有限公司,销售员,https://jobs.51job.com/hefei/83543268.html?s=01&t=0
杭州源本农业发展有限公司,省区经理,https://jobs.51job.com/hangzhou-bjq/94287495.html?s=01&t=0
安徽省电子认证管理中心有限责任公司,皖南分公司市场专员,https://jobs.51job.com/huangshan/111768995.html?s=01&t=0
某激光电视企业安徽分公司,渠道销售经理,https://jobs.51job.com/huainan/110645810.html?s=01&t=0
维度金融外包服务（苏州）有限公司,银行大堂助理,https://jobs.51job.com/chizhou/100884465.html?s=01&t=0
明光市同晖房地产开发有限公司,房地产电销专员,https://jobs.51job.com/chizhou/108496359.html?s=01&t=0
深圳市恒源昊资产管理有限公司合肥...,高薪安庆催收外访+六险一金,https://jobs.51job.com/anqing/111549808.html?s=01&t=0
中国水利水电第八工程局有限公司,市场营销经理,https://jobs.51job.com/chizhou/112268500.html?s=01&t=0
合肥青鸟消防设备有限公司,业务员,https://jobs.51job.com/anqing/70797971.html?s=01&t=0
壹耀仁财务,药品招商经理,https://jobs.51job.com/hefei-bhxq/112065720.html?s=01&t=0
安徽天天爱车网络科技有限公司,区域运营专员,https://jobs.51job.com/hefei-yhq/100468435.html?s=01&t=0
安徽弘和共创酒业有限公司,泸州老窖精品特曲完美版区域经理,https://jobs.51job.com/hefei-bhq/111977190.html?s=01&t=0
网新科技集团有限公司,百度市场营销主管/经理,https://jobs.51job.com/chizhou/103750880.html?s=01&t=0
合肥青青猎人企业管理咨询有限公司,汽车店总经理,https://jobs.51job.com/anhuisheng/106574315.html?s=01&t=0
安徽森爱驰医院管理有限公司,检验销售人员,https://jobs.51job.com/wuhu/112697087.html?s=01&t=0
安徽森爱驰医院管理有限公司,检验销售人员,https://jobs.51job.com/wuhu/112697086.html?s=01&t=0
安徽森爱驰医院管理有限公司,检验销售人员,https://jobs.51job.com/wuhu/112697085.html?s=01&t=0
安徽森爱驰医院管理有限公司,检验销售人员,https://jobs.51job.com/wuhu/112697084.html?s=01&t=0
芜湖盛美盈顺电器销售有限公司,区域主管/经理（工作地：皖南）,https://jobs.51job.com/wuhu/110861044.html?s=01&t=0
合肥永特医药科技有限公司,双休无责底薪3000元OTC医药代表,https://jobs.51job.com/hefei-yhq/112314500.html?s=01&t=0
南京学无涯文化传播有限公司,优质项目寻石台合伙人,https://jobs.51job.com/chizhou/111201383.html?s=01&t=0
池州显闰环境工程有限公司,环评工程师 工作地点：安徽池州,https://jobs.51job.com/chizhou/111389065.html?s=01&t=0
池州显闰环境工程有限公司,环评工程师 工作地点：安徽池州,https://jobs.51job.com/chizhou/111389064.html?s=01&t=0
池州显闰环境工程有限公司,环评工程师 工作地点：安徽池州,https://jobs.51job.com/chizhou/111388976.html?s=01&t=0
池州显闰环境工程有限公司,环评工程师 工作地点：安徽池州,https://jobs.51job.com/chizhou/111388901.html?s=01&t=0
池州显闰环境工程有限公司,环评工程师 工作地点：安徽池州,https://jobs.51job.com/chizhou/111388857.html?s=01&t=0
池州显闰环境工程有限公司,环评工程师 工作地点：安徽池州,https://jobs.51job.com/chizhou/111388856.html?s=01&t=0
安徽红太阳生物化学有限公司,绩效专员（工作地点：安徽池州东至）,https://jobs.51job.com/chizhou/106953161.html?s=01&t=0
安徽红太阳生物化学有限公司,绩效专员（工作地点：安徽池州东至）,https://jobs.51job.com/chizhou/106953160.html?s=01&t=0
安徽红太阳生物化学有限公司,绩效专员（工作地点：安徽池州东至）,https://jobs.51job.com/chizhou/106953159.html?s=01&t=0
安徽红太阳生物化学有限公司,绩效专员（工作地点：安徽池州东至）,https://jobs.51job.com/chizhou/106953158.html?s=01&t=0
安徽红太阳生物化学有限公司,招聘专员（工作地点：安徽池州东至）,https://jobs.51job.com/chizhou/106953009.html?s=01&t=0
安徽红太阳生物化学有限公司,招聘专员（工作地点：安徽池州东至）,https://jobs.51job.com/chizhou/106953008.html?s=01&t=0
安徽红太阳生物化学有限公司,招聘专员（工作地点：安徽池州东至）,https://jobs.51job.com/chizhou/106953007.html?s=01&t=0
安徽红太阳生物化学有限公司,招聘专员（工作地点：安徽池州东至）,https://jobs.51job.com/chizhou/106953006.html?s=01&t=0
安徽红太阳生物化学有限公司,招聘专员（工作地点：安徽池州东至）,https://jobs.51job.com/chizhou/106953005.html?s=01&t=0
德邦快递,实习生（池州）,http://deppon.51job.com/sc/show_job_detail.php?jobid=83953006
铁甲工程机械网,挖掘机销售-（池州/安庆）(J11170),https://jobs.51job.com/chizhou/110974461.html?s=01&t=0
太平财产保险有限公司安徽分公司,财险安徽-池州中支（筹）-产品推动岗,https://jobs.51job.com/chizhou/110835945.html?s=01&t=0
池州市贵池区乐航课外教育学校有限...,初中数学老师,https://jobs.51job.com/chizhou/110721905.html?s=01&t=0
池州金鼎装饰工程有限公司,会计,https://jobs.51job.com/chizhou/110717195.html?s=01&t=0
池州市青山环保工程有限公司,环保资料员,https://jobs.51job.com/chizhou/105507290.html?s=01&t=0
池州市毕玛威财务咨询有限公司,资深文案策划,https://jobs.51job.com/chizhou/110942390.html?s=01&t=0
安徽省通信产业服务有限公司池州分...,人力资源主管,https://jobs.51job.com/chizhou/110927146.html?s=01&t=0
上海力元房地产经纪有限公司,总经理助理,https://jobs.51job.com/chizhou/108886468.html?s=01&t=0
眺立士博（上海）贸易有限公司,自由职业者验货员 - 监装员 - 监柜员 - QC,https://jobs.51job.com/chizhou/112753952.html?s=01&t=0
安徽卧涛科技咨询有限公司,财务主办会计,https://jobs.51job.com/hefei/110464235.html?s=01&t=0
安徽道勤汇金汽车销售服务有限公司,城市经理（河南南阳、信阳）,https://jobs.51job.com/xinyang/112697435.html?s=01&t=0
安徽森爱驰医院管理有限公司,检验销售人员,https://jobs.51job.com/wuhu/112697089.html?s=01&t=0
芜湖盛美盈顺电器销售有限公司,区域主管/经理（工作地：皖南）,https://jobs.51job.com/wuhu/110861216.html?s=01&t=0
合肥永特医药科技有限公司,双休无责底薪3000区域销售代表,https://jobs.51job.com/hefei-yhq/112117580.html?s=01&t=0
上海泓勋资产管理有限公司,外访专员,https://jobs.51job.com/chizhou/112668191.html?s=01&t=0
上海起帆电缆股份有限公司,计量员,https://jobs.51job.com/shanghai-jsq/112663979.html?s=01&t=0
合肥苏康国际贸易有限公司,销售主管,https://jobs.51job.com/chizhou/90664135.html?s=01&t=0
世联行安徽公司,置业顾问（舒城县新滨湖孔雀城）+六险一金,https://jobs.51job.com/liuan/96742669.html?s=01&t=0
北京帕普生泵业有限公司,电焊工车床工,https://jobs.51job.com/wuhu/107356140.html?s=01&t=0
浙江泰康药业集团有限公司,销售经理,https://jobs.51job.com/chizhou/111335695.html?s=01&t=0
南京学无涯文化传播有限公司,优质项目寻青阳合伙人,https://jobs.51job.com/chizhou/111193116.html?s=01&t=0
安徽力进生态农业有限公司,水产养殖主管,https://jobs.51job.com/anhuisheng/101318162.html?s=01&t=0
池州联科电子工业设备制造有限公司,QC质检员,https://jobs.51job.com/chizhou/112407058.html?s=01&t=0
池州联科电子工业设备制造有限公司,QC质检员,https://jobs.51job.com/chizhou/112407057.html?s=01&t=0
池州联科电子工业设备制造有限公司,QC质检员,https://jobs.51job.com/chizhou/112407047.html?s=01&t=0
池州联科电子工业设备制造有限公司,财务主办会计,https://jobs.51job.com/chizhou/112414933.html?s=01&t=0
池州联科电子工业设备制造有限公司,财务主办会计,https://jobs.51job.com/chizhou/112414932.html?s=01&t=0
池州联科电子工业设备制造有限公司,财务主办会计,https://jobs.51job.com/chizhou/112414923.html?s=01&t=0
池州联科电子工业设备制造有限公司,现金出纳,https://jobs.51job.com/chizhou/112415216.html?s=01&t=0
池州联科电子工业设备制造有限公司,现金出纳,https://jobs.51job.com/chizhou/112415209.html?s=01&t=0
池州联科电子工业设备制造有限公司,钣金学徒,https://jobs.51job.com/chizhou/112419998.html?s=01&t=0
池州联科电子工业设备制造有限公司,钣金学徒,https://jobs.51job.com/chizhou/112419986.html?s=01&t=0
池州联科电子工业设备制造有限公司,钣金学徒,https://jobs.51job.com/chizhou/112419997.html?s=01&t=0
池州联科电子工业设备制造有限公司,工程助理,https://jobs.51job.com/chizhou/112426936.html?s=01&t=0
池州联科电子工业设备制造有限公司,工程助理,https://jobs.51job.com/chizhou/112426935.html?s=01&t=0
池州联科电子工业设备制造有限公司,工程助理,https://jobs.51job.com/chizhou/112426929.html?s=01&t=0
池州联科电子工业设备制造有限公司,品保助理,https://jobs.51job.com/chizhou/112427213.html?s=01&t=0
池州联科电子工业设备制造有限公司,品保助理,https://jobs.51job.com/chizhou/112427212.html?s=01&t=0
池州联科电子工业设备制造有限公司,品保助理,https://jobs.51job.com/chizhou/112427200.html?s=01&t=0
池州联科电子工业设备制造有限公司,业务助理,https://jobs.51job.com/chizhou/112429585.html?s=01&t=0
天利和汽车实业有限公司,服务总监（池州奥迪）,https://jobs.51job.com/chizhou/112396857.html?s=01&t=0
天利和汽车实业有限公司,销售总监（池州奥迪）,https://jobs.51job.com/chizhou/112397160.html?s=01&t=0
天利和汽车实业有限公司,市场经理（池州奥迪）,https://jobs.51job.com/chizhou/112484649.html?s=01&t=0
合肥英通谷百货有限公司,池州驻地市场督导,https://jobs.51job.com/chizhou/93751673.html?s=01&t=0
奥镁（大连）有限公司,精益工程师-工作地点安徽池州,https://jobs.51job.com/chizhou/112605781.html?s=01&t=0
奥镁（大连）有限公司,精益工程师-工作地点安徽池州,https://jobs.51job.com/chizhou/112605780.html?s=01&t=0
奥镁（大连）有限公司,精益工程师-工作地点安徽池州,https://jobs.51job.com/chizhou/112605779.html?s=01&t=0
奥镁（大连）有限公司,精益工程师-工作地点安徽池州,https://jobs.51job.com/chizhou/112605778.html?s=01&t=0
合肥妈贝谷电子商务有限公司,黄山、铜陵、池州城市经理,https://jobs.51job.com/huangshan/110538461.html?s=01&t=0
合肥妈贝谷电子商务有限公司,池州、铜陵、黄山市场推广,https://jobs.51job.com/tongling/110540164.html?s=01&t=0
合肥妈贝谷电子商务有限公司,铜陵、黄山、池州城市经理,https://jobs.51job.com/huangshan/110540010.html?s=01&t=0
合肥妈贝谷电子商务有限公司,铜陵、黄山、池州市场销售,https://jobs.51job.com/tongling/110538752.html?s=01&t=0
奥镁（大连）有限公司,精益工程师-工作地点安徽池州,https://jobs.51job.com/chizhou/112605783.html?s=01&t=0
合肥德诺商务咨询有限公司,外访催收+六险一金（池州贵池）,https://jobs.51job.com/chizhou/109172694.html?s=01&t=0
合肥志诚教育股份有限公司,学管师（池州）,https://jobs.51job.com/chizhou/99995073.html?s=01&t=0
合肥志诚教育股份有限公司,咨询师（池州）,https://jobs.51job.com/chizhou/99994423.html?s=01&t=0
合肥志诚教育股份有限公司,市场专员（池州）,https://jobs.51job.com/chizhou/99992877.html?s=01&t=0
宁波金美亚池州管桩有限公司,销售员,https://jobs.51job.com/hefei/112677470.html?s=01&t=0
池州市倍晨文化传播有限公司,高薪诚聘客服专员TMK,https://jobs.51job.com/chizhou/112244004.html?s=01&t=0
池州神画巨幕电影院有限公司,新媒体编辑（微信编辑推广）,https://jobs.51job.com/chizhou/112553651.html?s=01&t=0
池州市银龙矿业集团有限公司,铲叉车司机,https://jobs.51job.com/chizhou/111142119.html?s=01&t=0
环球车享池州汽车租赁有限公司,销售专员,https://jobs.51job.com/chizhou/112321425.html?s=01&t=0
池州联科电子工业设备制造有限公司,生产主管,https://jobs.51job.com/chizhou/112280771.html?s=01&t=0
池州市贵池区快乐魔方课外培训学校...,中小学作文老师,https://jobs.51job.com/chizhou/112352771.html?s=01&t=0
池州市宝源矿建工程有限公司,矿业建造师,https://jobs.51job.com/anhuisheng/112123794.html?s=01&t=0
池州市骏智机电科技有限公司,生产主管,https://jobs.51job.com/chizhou/99828069.html?s=01&t=0
池州神画巨幕电影院有限公司,出纳/会计助理,https://jobs.51job.com/chizhou/112545307.html?s=01&t=0
池州市银龙矿业集团有限公司,行政专员,https://jobs.51job.com/chizhou/108599140.html?s=01&t=0
安徽科居新材料科技有限公司,市场企划主管,https://jobs.51job.com/chizhou/111374344.html?s=01&t=0
浙江芝麻开门供应链管理有限公司,物流实习站长,https://jobs.51job.com/anhuisheng/108593859.html?s=01&t=0
苏州健将体育发展有限公司,高薪诚聘室内轮滑店 店长,https://jobs.51job.com/fuyang/90812896.html?s=01&t=0
上海金狗实业有限公司,销售经理/区域经理/城市合伙人,https://jobs.51job.com/maanshan/111078175.html?s=01&t=0
芜湖苏宁易购商贸有限公司,渠道拓展经理,https://jobs.51job.com/chizhou/110035942.html?s=01&t=0
太平人寿保险有限公司安徽分公司,池州中支个险本部—综合内勤岗,https://jobs.51job.com/chizhou/110738684.html?s=01&t=0
广东椰泰生物科技有限公司,池州诚聘销售代表,https://jobs.51job.com/chizhou/89708964.html?s=01&t=0
宁波金美亚池州管桩有限公司,销售员,https://jobs.51job.com/wuhu/112677815.html?s=01&t=0
安徽泰升节能科技有限公司,销售业务员,https://jobs.51job.com/chizhou/103803115.html?s=01&t=0
上海旺妙实业有限公司,销售代表,https://jobs.51job.com/taiyuan/101589472.html?s=01&t=0
合肥联荣科技有限公司,早教老师（销售代表）,https://jobs.51job.com/chizhou/101250165.html?s=01&t=0
合肥尚美轩生物技术有限公司,市场营销,https://jobs.51job.com/hefei-zwq/110651169.html?s=01&t=0
石家庄以岭药业股份有限公司,OTC销售主管,https://jobs.51job.com/wuhu/108247708.html?s=01&t=0
今日头条安徽运营中心,广告客户经理,https://jobs.51job.com/liuan/112155809.html?s=01&t=0
华夏银行股份有限公司合肥分行,信用卡销售   华夏银行,https://jobs.51job.com/hefei/109712784.html?s=01&t=0
浙江金华康恩贝生物制药有限公司,医药连锁推广专员（安庆）,https://jobs.51job.com/anqing/109581001.html?s=01&t=0
湖南欧能多乳品有限公司,安徽市场专员,https://jobs.51job.com/hefei/111522370.html?s=01&t=0
安徽力进生态农业有限公司,水产养殖主管,https://jobs.51job.com/anhuisheng/101318164.html?s=01&t=0
安徽天星医药集团有限公司,中美史克项目学术专员,https://jobs.51job.com/hefei-jkq/111530426.html?s=01&t=0
安徽百姓缘大药房连锁有限公司,新海家园高薪诚聘药品营业员,https://jobs.51job.com/hefei-ssq/95373063.html?s=01&t=0
苏州中化药品工业有限公司,医药销售代表（安庆）,https://jobs.51job.com/anqing/98350259.html?s=01&t=0
上海宝英光电科技有限公司,售后工程师,https://jobs.51job.com/chizhou/106097682.html?s=01&t=0
上海煦弘科贸有限公司,会计,https://jobs.51job.com/chizhou/76996932.html?s=01&t=0
亚士创能科技（上海）股份有限公司,业务代表,https://jobs.51job.com/bozhou/98707991.html?s=01&t=0
亚士漆（上海）有限公司,区域销售经理,https://jobs.51job.com/wuhu/99867750.html?s=01&t=0
安徽卡儿菲特服饰有限公司,服装QA/品控,https://jobs.51job.com/chizhou/82655501.html?s=01&t=0
安徽西湖新城置业有限公司,投资拓展岗,https://jobs.51job.com/hefei/111643903.html?s=01&t=0
广东欧科空调制冷有限公司,销售工程师,https://jobs.51job.com/hefei/101652643.html?s=01&t=0
南京学无涯文化传播有限公司,好项目聘石台县负责人赚钱多,https://jobs.51job.com/chizhou/96825923.html?s=01&t=0
南京学无涯文化传播有限公司,好项目聘青阳县负责人赚钱多,https://jobs.51job.com/chizhou/96825873.html?s=01&t=0
南京学无涯文化传播有限公司,好项目聘东至县负责人赚钱多,https://jobs.51job.com/chizhou/96825805.html?s=01&t=0
合肥永特医药科技有限公司,双休无责3000医药销售,https://jobs.51job.com/hefei-yhq/112109035.html?s=01&t=0
合肥永特医药科技有限公司,双休无责底薪3000医药代表,https://jobs.51job.com/hefei-yhq/112081265.html?s=01&t=0
合肥永特医药科技有限公司,双休无责底薪3000销售医药代表,https://jobs.51job.com/hefei-yhq/112033767.html?s=01&t=0
合肥永特医药科技有限公司,双休无责3000医药代表,https://jobs.51job.com/hefei-yhq/111908104.html?s=01&t=0
合肥永特医药科技有限公司,高级销售代表双休无责底薪3k,https://jobs.51job.com/hefei-yhq/111804576.html?s=01&t=0
中国光大银行合肥分行信用卡业务部,中国光大银行信用卡客户经理（青阳）,https://jobs.51job.com/chizhou/107409261.html?s=01&t=0
中国光大银行合肥分行信用卡业务部,中国光大银行信用卡客户经理（宿州）,https://jobs.51job.com/suzhoue/98228617.html?s=01&t=0
中国光大银行合肥分行信用卡业务部,中国光大银行信用卡客户经理（巢湖）,https://jobs.51job.com/hefei/98031592.html?s=01&t=0
中国光大银行合肥分行信用卡业务部,中国光大银行信用卡客户经理（芜湖）,https://jobs.51job.com/wuhu/94730358.html?s=01&t=0
中国光大银行合肥分行信用卡业务部,中国光大银行信用卡客户经理（马鞍山）,https://jobs.51job.com/maanshan/94730265.html?s=01&t=0
中国光大银行合肥分行信用卡业务部,中国光大银行信用卡客户经理(阜阳),https://jobs.51job.com/fuyang/94730188.html?s=01&t=0
中国光大银行合肥分行信用卡业务部,中国光大银行信用卡客户经理(滁州),https://jobs.51job.com/chuzhou/94730111.html?s=01&t=0
中国光大银行合肥分行信用卡业务部,中国光大银行信用卡客户经理（蚌埠）,https://jobs.51job.com/bangbu/94724898.html?s=01&t=0
中国光大银行合肥分行信用卡业务部,中国光大银行信用卡客户经理,https://jobs.51job.com/hefei/94724438.html?s=01&t=0
广东原创科技有限公司,通信工程师\应届生\储备项目经理,https://jobs.51job.com/shenzhen/110187511.html?s=01&t=0
江苏恒瑞医药股份有限公司,区域患者教育专员,https://jobs.51job.com/tongling/109480303.html?s=01&t=0
安徽力进生态农业有限公司,水产养殖主管,https://jobs.51job.com/anhuisheng/98444247.html?s=01&t=0
安徽力进生态农业有限公司,水产养殖主管,https://jobs.51job.com/anhuisheng/98444244.html?s=01&t=0
安徽力进生态农业有限公司,水产养殖主管,https://jobs.51job.com/anhuisheng/98444243.html?s=01&t=0
安徽力进生态农业有限公司,水产养殖主管,https://jobs.51job.com/anhuisheng/98444242.html?s=01&t=0
安徽力进生态农业有限公司,水产养殖主管,https://jobs.51job.com/anhuisheng/98444220.html?s=01&t=0
安徽力进生态农业有限公司,水产养殖主管,https://jobs.51job.com/anhuisheng/98444216.html?s=01&t=0
安徽力进生态农业有限公司,水产养殖主管,https://jobs.51job.com/anhuisheng/98444215.html?s=01&t=0
安徽力进生态农业有限公司,花卉种植主管,https://jobs.51job.com/anhuisheng/98444187.html?s=01&t=0
安徽力进生态农业有限公司,花卉种植主管,https://jobs.51job.com/anhuisheng/98444186.html?s=01&t=0
安徽力进生态农业有限公司,花卉种植主管,https://jobs.51job.com/anhuisheng/98444183.html?s=01&t=0
安徽力进生态农业有限公司,花卉种植主管,https://jobs.51job.com/anhuisheng/98444165.html?s=01&t=0
安徽正德互联信息技术有限公司,电话客服专员（周未单双休）,https://jobs.51job.com/chizhou/110200352.html?s=01&t=0
上海煦弘科贸有限公司,出纳员,https://jobs.51job.com/chizhou/66541806.html?s=01&t=0
安徽卡儿菲特服饰有限公司,人事专员,https://jobs.51job.com/chizhou/107834761.html?s=01&t=0
安徽卡儿菲特服饰有限公司,平面设计,https://jobs.51job.com/chizhou/112419741.html?s=01&t=0
安徽卡儿菲特服饰有限公司,平面设计,https://jobs.51job.com/chizhou/112419740.html?s=01&t=0
安徽卡儿菲特服饰有限公司,平面设计,https://jobs.51job.com/chizhou/112419739.html?s=01&t=0
安徽卡儿菲特服饰有限公司,平面设计,https://jobs.51job.com/chizhou/112419738.html?s=01&t=0
亚士漆（上海）有限公司,建材 业务代表（淮南）,https://jobs.51job.com/huainan/98707003.html?s=01&t=0
池州联科电子工业设备制造有限公司,业务助理,https://jobs.51job.com/chizhou/112429581.html?s=01&t=0
池州联科电子工业设备制造有限公司,仓库文员,https://jobs.51job.com/chizhou/112429804.html?s=01&t=0
池州联科电子工业设备制造有限公司,仓库文员,https://jobs.51job.com/chizhou/112429800.html?s=01&t=0
池州联科电子工业设备制造有限公司,采购,https://jobs.51job.com/chizhou/112430011.html?s=01&t=0
池州联科电子工业设备制造有限公司,采购,https://jobs.51job.com/chizhou/112430010.html?s=01&t=0
池州联科电子工业设备制造有限公司,行政人事,https://jobs.51job.com/chizhou/112430451.html?s=01&t=0
池州联科电子工业设备制造有限公司,行政人事,https://jobs.51job.com/chizhou/112430450.html?s=01&t=0
池州联科电子工业设备制造有限公司,行政人事,https://jobs.51job.com/chizhou/112430443.html?s=01&t=0
池州联科电子工业设备制造有限公司,行政人事,https://jobs.51job.com/chizhou/112430449.html?s=01&t=0
池州联科电子工业设备制造有限公司,包装组长,https://jobs.51job.com/chizhou/112432255.html?s=01&t=0
合肥志诚教育股份有限公司,行政前台（池州）,https://jobs.51job.com/chizhou/94474032.html?s=01&t=0
合肥志诚教育股份有限公司,市场主任（池州）,https://jobs.51job.com/chizhou/94192788.html?s=01&t=0
合肥志诚教育股份有限公司,教学主任（池州）,https://jobs.51job.com/chizhou/94192460.html?s=01&t=0
安徽正德互联信息技术有限公司,池州移动电话经理 行政班,https://jobs.51job.com/chizhou/110200209.html?s=01&t=0
奥镁（大连）有限公司,化验室负责人-安徽池州,https://jobs.51job.com/chizhou/109076501.html?s=01&t=0
中国电信安徽公司,信息化方案经理(池州),https://jobs.51job.com/chizhou/105528837.html?s=01&t=0
中国电信安徽公司,网络工程师(池州),https://jobs.51job.com/chizhou/105534038.html?s=01&t=0
池州盛科光学有限公司,生产操作工,https://jobs.51job.com/chizhou/112384036.html?s=01&t=0
池州山立分子筛有限公司,工厂管理,https://jobs.51job.com/chizhou/111605052.html?s=01&t=0
池州市银龙矿业集团有限公司,业务经理,https://jobs.51job.com/chizhou/104534080.html?s=01&t=0
池州市银龙矿业集团有限公司,业务副总,https://jobs.51job.com/chizhou/104532892.html?s=01&t=0
池州市银龙矿业集团有限公司,设备（车辆）维修技师,https://jobs.51job.com/chizhou/98477016.html?s=01&t=0
池州市银龙矿业集团有限公司,董事长助理,https://jobs.51job.com/chizhou/98476941.html?s=01&t=0
池州市银龙矿业集团有限公司,仓库管理员,https://jobs.51job.com/chizhou/96803041.html?s=01&t=0
池州市银龙矿业集团有限公司,化验员,https://jobs.51job.com/chizhou/96801437.html?s=01&t=0
池州市银龙矿业集团有限公司,货运司机,https://jobs.51job.com/chizhou/96801008.html?s=01&t=0
池州神画巨幕电影院有限公司,影城服务员,https://jobs.51job.com/chizhou/110907853.html?s=01&t=0
安徽玄观环境艺术设计有限公司,旅游销售顾问,https://jobs.51job.com/hefei-yhq/108728923.html?s=01&t=0
安徽睿曼智能装备制造有限公司,生产经理,https://jobs.51job.com/chizhou/102360472.html?s=01&t=0
娜昕服饰（上海）有限公司,生产厂长,https://jobs.51job.com/hefei-fdx/109872254.html?s=01&t=0
安徽泰合汽车贸易有限公司,销售经理（五险+包住）,https://jobs.51job.com/chizhou/108431814.html?s=01&t=0
安徽艾可蓝环保股份有限公司,会计,https://jobs.51job.com/chizhou/108198005.html?s=01&t=0
太平财产保险有限公司,财险安徽-池州中支（筹）-渠道经理,https://jobs.51job.com/chizhou/109545093.html?s=01&t=0
南京学无涯文化传播有限公司,诚聘城市经理高薪（池州）,https://jobs.51job.com/chizhou/112777047.html?s=01&t=0
南京学无涯文化传播有限公司,高薪诚聘盟校校长（池州）,https://jobs.51job.com/chizhou/112778948.html?s=01&t=0
南京学无涯文化传播有限公司,优质项目寻池州合伙人,https://jobs.51job.com/chizhou/111192984.html?s=01&t=0
宁波金美亚池州管桩有限公司,区域销售经理,https://jobs.51job.com/wuhu/112677759.html?s=01&t=0
宁波金美亚池州管桩有限公司,区域销售经理,https://jobs.51job.com/hefei/83543149.html?s=01&t=0
池州市倍晨文化传播有限公司,管理培训生,https://jobs.51job.com/chizhou/112243832.html?s=01&t=0
池州市倍晨文化传播有限公司,储备校长,https://jobs.51job.com/chizhou/112243535.html?s=01&t=0
池州市倍晨文化传播有限公司,咨询主管,https://jobs.51job.com/chizhou/112243291.html?s=01&t=0
池州市倍晨文化传播有限公司,诚聘初高中数学老师（岗前带薪培训+贵池区）,https://jobs.51job.com/chizhou/111213486.html?s=01&t=0
池州市倍晨文化传播有限公司,客服,https://jobs.51job.com/chizhou/108686292.html?s=01&t=0
池州市倍晨文化传播有限公司,班主任,https://jobs.51job.com/chizhou/108686017.html?s=01&t=0
池州市倍晨文化传播有限公司,课程顾问（年薪6万-10万 商之都）,https://jobs.51job.com/chizhou/111214598.html?s=01&t=0
安徽泰升节能科技有限公司,销售业务员,https://jobs.51job.com/chizhou/103803114.html?s=01&t=0
安徽泰升节能科技有限公司,销售业务员,https://jobs.51job.com/chizhou/103803113.html?s=01&t=0
安徽泰升节能科技有限公司,证书推广专员,https://jobs.51job.com/chizhou/103802649.html?s=01&t=0
安徽泰升节能科技有限公司,平面设计,https://jobs.51job.com/chizhou/103802402.html?s=01&t=0
安徽泰升节能科技有限公司,图纸设计员,https://jobs.51job.com/chizhou/103800180.html?s=01&t=0
安徽泰升节能科技有限公司,仓库管理员,https://jobs.51job.com/chizhou/103799730.html?s=01&t=0
安徽泰升节能科技有限公司,工地施工下单员,https://jobs.51job.com/chizhou/103799272.html?s=01&t=0
安徽泰升节能科技有限公司,工地施工下单员,https://jobs.51job.com/chizhou/103799271.html?s=01&t=0
安徽泰升节能科技有限公司,工地施工下单员,https://jobs.51job.com/chizhou/103799270.html?s=01&t=0
上海旺妙实业有限公司,销售代表,https://jobs.51job.com/xingtai/101589471.html?s=01&t=0
上海旺妙实业有限公司,销售代表,https://jobs.51job.com/langfang/101589470.html?s=01&t=0
上海旺妙实业有限公司,销售代表,https://jobs.51job.com/qinhuangdao/101589469.html?s=01&t=0
上海旺妙实业有限公司,渠道分销,https://jobs.51job.com/haikou/101582351.html?s=01&t=0
上海旺妙实业有限公司,渠道销售专员,https://jobs.51job.com/jinhua/101569445.html?s=01&t=0
上海旺妙实业有限公司,渠道销售专员,https://jobs.51job.com/shaoxing/101569224.html?s=01&t=0
安徽荣创芯科自动化设备制造有限公司,采购专员(机械加工品),https://jobs.51job.com/chizhou/98629328.html?s=01&t=0
合肥天越医药科技咨询有限公司,医药销售代表（医院）,https://jobs.51job.com/xuancheng/95528553.html?s=01&t=0
某激光电视企业安徽分公司,渠道销售经理,https://jobs.51job.com/huangshan/110645809.html?s=01&t=0
某激光电视企业安徽分公司,渠道销售经理,https://jobs.51job.com/chuzhou/110645808.html?s=01&t=0
某激光电视企业安徽分公司,渠道销售经理,https://jobs.51job.com/tongling/110645807.html?s=01&t=0
某激光电视企业安徽分公司,渠道销售经理,https://jobs.51job.com/fuyang/110645806.html?s=01&t=0
某激光电视企业安徽分公司,渠道销售经理,https://jobs.51job.com/bangbu/110645805.html?s=01&t=0
某激光电视企业安徽分公司,渠道销售经理,https://jobs.51job.com/maanshan/110645804.html?s=01&t=0
丽珠医药集团股份有限公司,医院经理,https://jobs.51job.com/hefei-jkq/110474498.html?s=01&t=0
江苏恒瑞医药股份有限公司,区域患者教育专员,https://jobs.51job.com/chizhou/109480306.html?s=01&t=0
昆山龙灯瑞迪制药有限公司,安徽医药代表,https://jobs.51job.com/chizhou/79136585.html?s=01&t=0
湖北词源教育投资管理有限公司,销售+各省驻地招生办主任,https://jobs.51job.com/hefei-yhq/111370218.html?s=01&t=0
北京数字政通科技股份有限公司,储备管理干部（安徽）,https://jobs.51job.com/hefei/97688709.html?s=01&t=0
厦门红果宝生物技术有限公司,区域经理,https://jobs.51job.com/hefei/105330058.html?s=01&t=0
安徽银雁金融外包服务有限公司,城市经理(J12028),https://jobs.51job.com/anqing/110063323.html?s=01&t=0
广誉远中药股份有限公司,商务代表（医药）,https://jobs.51job.com/anhuisheng/103095726.html?s=01&t=0
北京中公教育科技股份有限公司,市场专员,https://jobs.51job.com/chizhou/110113951.html?s=01&t=0
武汉雅博信息技术有限公司,java/网络/电子商务讲师/助教,https://jobs.51job.com/hefei/105143571.html?s=01&t=0
修正健康科技股份有限公司,OTC销售经理,https://jobs.51job.com/hefei/100782338.html?s=01&t=0
上海运佳黄浦制药有限公司,医药销售代表（安徽省各地级市）,https://jobs.51job.com/anhuisheng/110236669.html?s=01&t=0
上海如家酒店管理有限公司,酒店总经理（中华东区域）(J10337),https://jobs.51job.com/jiangsusheng/109682350.html?s=01&t=0
广东原创科技有限公司,通信工程师/应届实习,https://jobs.51job.com/shenzhen/109283507.html?s=01&t=0
广东原创科技有限公司,通信工程师/应届实习,https://jobs.51job.com/shenzhen/109283506.html?s=01&t=0
上海力元房地产经纪有限公司,天然气厂站安全保卫人员,https://jobs.51job.com/chizhou/112403943.html?s=01&t=0
上海力元房地产经纪有限公司,总经理秘书,https://jobs.51job.com/chizhou/108886483.html?s=01&t=0
上海力元房地产经纪有限公司,项目部秘书,https://jobs.51job.com/shanghai-bsq/56150472.html?s=01&t=0
世联行安徽公司,置业顾问（巢湖一手房）+六险一金,https://jobs.51job.com/hefei-chs/93580129.html?s=01&t=0
世联行安徽公司,置业顾问/销售代表（工作地：宿州）,https://jobs.51job.com/suzhoue/105502640.html?s=01&t=0
合肥英通谷百货有限公司,皖南销售经理（护肤品）,https://jobs.51job.com/tongling/111397454.html?s=01&t=0
北京帕普生泵业有限公司,数控及电气工程师,https://jobs.51job.com/wuhu/107355710.html?s=01&t=0
合肥妈贝谷电子商务有限公司,铜黄池业务人员,https://jobs.51job.com/chizhou/110540395.html?s=01&t=0
安徽盛世中安体育用品有限公司,实习储备干部（安踏）,https://jobs.51job.com/anhuisheng/111978439.html?s=01&t=0
安徽盛世中安体育用品有限公司,直营零售主管（驻外）,https://jobs.51job.com/hefei-bhq/84514627.html?s=01&t=0
石家庄以岭药业股份有限公司,OTC主管,https://jobs.51job.com/wuhu/109324782.html?s=01&t=0
石家庄以岭药业股份有限公司,OTC销售主管,https://jobs.51job.com/wuhu/111259064.html?s=01&t=0
今日头条安徽运营中心,今日头条/抖音分公司大客户经理,https://jobs.51job.com/chizhou/111154075.html?s=01&t=0
今日头条安徽运营中心,今日头条/抖音分公司大客户经理,https://jobs.51job.com/xuancheng/111154074.html?s=01&t=0
今日头条安徽运营中心,今日头条/抖音分公司大客户经理,https://jobs.51job.com/chuzhou/111154073.html?s=01&t=0
今日头条安徽运营中心,今日头条/抖音分公司大客户经理,https://jobs.51job.com/tongling/111154072.html?s=01&t=0
江苏恒瑞医药股份有限公司,医药销售代表,https://jobs.51job.com/chizhou/97714005.html?s=01&t=0
江苏恒瑞医药股份有限公司,区域患者教育专员,https://jobs.51job.com/anqing/109480307.html?s=01&t=0
安徽卧涛科技咨询有限公司,资深专利代理专员,https://jobs.51job.com/hefei/98913670.html?s=01&t=0
安徽百姓缘大药房连锁有限公司,张洼双七五险一金高薪诚聘执业药师,https://jobs.51job.com/hefei-ssq/95332700.html?s=01&t=0
安徽百姓缘大药房连锁有限公司,马鞍山诚聘药房营业员,https://jobs.51job.com/hefei-ssq/110336382.html?s=01&t=0
安徽百姓缘大药房连锁有限公司,肥东店五险一金诚聘药店营业员,https://jobs.51job.com/hefei-ssq/95332100.html?s=01&t=0
昆山龙灯瑞迪制药有限公司,安徽医药代表,https://jobs.51job.com/tongling/79136584.html?s=01&t=0
湖北词源教育投资管理有限公司,销售+各省驻地招生办主任,https://jobs.51job.com/anqing/110324117.html?s=01&t=0
北京数字政通科技股份有限公司,储备管理人员（安徽）,https://jobs.51job.com/hefei-gxq/86397901.html?s=01&t=0
北京数字政通科技股份有限公司,项目经理（安徽）,https://jobs.51job.com/hefei-gxq/86397148.html?s=01&t=0
广誉远中药股份有限公司,商务代表（医药）,https://jobs.51job.com/anhuisheng/103095725.html?s=01&t=0
广誉远中药股份有限公司,商务代表（医药）,https://jobs.51job.com/anhuisheng/103095724.html?s=01&t=0
广誉远中药股份有限公司,商务代表（医药）,https://jobs.51job.com/anhuisheng/103095723.html?s=01&t=0
广誉远中药股份有限公司,商务代表（医药）,https://jobs.51job.com/anhuisheng/103095722.html?s=01&t=0
广誉远中药股份有限公司,商务代表（医药）,https://jobs.51job.com/anhuisheng/103095721.html?s=01&t=0
广誉远中药股份有限公司,商务代表（医药）,https://jobs.51job.com/anhuisheng/103095720.html?s=01&t=0
广誉远中药股份有限公司,商务代表（医药）,https://jobs.51job.com/anhuisheng/103095719.html?s=01&t=0
广誉远中药股份有限公司,商务代表（医药）,https://jobs.51job.com/anhuisheng/103095718.html?s=01&t=0
安徽卡儿菲特服饰有限公司,商品经理,https://jobs.51job.com/chizhou/111592375.html?s=01&t=0
安徽卡儿菲特服饰有限公司,市场招商,https://jobs.51job.com/chizhou/111467367.html?s=01&t=0
安徽卡儿菲特服饰有限公司,空间设计经理,https://jobs.51job.com/chizhou/111158147.html?s=01&t=0
安徽卡儿菲特服饰有限公司,市场推广专员,https://jobs.51job.com/chizhou/108456944.html?s=01&t=0
安徽卡儿菲特服饰有限公司,商品招商专员,https://jobs.51job.com/chizhou/106917881.html?s=01&t=0
安徽卡儿菲特服饰有限公司,车板/车位/服装缝纫工,https://jobs.51job.com/chizhou/98438925.html?s=01&t=0
安徽卡儿菲特服饰有限公司,企划文案兼平面设计,https://jobs.51job.com/chizhou/91120010.html?s=01&t=0
安徽卡儿菲特服饰有限公司,招聘专员/人事专员,https://jobs.51job.com/chizhou/88702792.html?s=01&t=0
安徽卡儿菲特服饰有限公司,数据分析/商品数据分析专员/终端数据分析,https://jobs.51job.com/chizhou/88469787.html?s=01&t=0
安徽卡儿菲特服饰有限公司,营销总监,https://jobs.51job.com/chizhou/87979710.html?s=01&t=0
安徽卡儿菲特服饰有限公司,销售运营经理,https://jobs.51job.com/chizhou/87979679.html?s=01&t=0
安徽卡儿菲特服饰有限公司,拓展经理,https://jobs.51job.com/chizhou/87979641.html?s=01&t=0
安徽卡儿菲特服饰有限公司,空间设计师/空间设计,https://jobs.51job.com/chizhou/86843460.html?s=01&t=0
安徽卡儿菲特服饰有限公司,商品客服,https://jobs.51job.com/chizhou/86559342.html?s=01&t=0
安徽卡儿菲特服饰有限公司,活动策划,https://jobs.51job.com/chizhou/86558772.html?s=01&t=0
安徽卡儿菲特服饰有限公司,人力资源经理（服装行业）,https://jobs.51job.com/chizhou/85634098.html?s=01&t=0
安徽卡儿菲特服饰有限公司,人力资源经理（服装行业）,https://jobs.51job.com/chizhou/85583167.html?s=01&t=0
亚士漆（上海）有限公司,建材行业工程渠道  业务代表,https://jobs.51job.com/bangbu/100251655.html?s=01&t=0
安徽科居新材料科技有限公司,外贸业务员,https://jobs.51job.com/chizhou/111373488.html?s=01&t=0
安徽科居新材料科技有限公司,市场企划主管,https://jobs.51job.com/chizhou/111374345.html?s=01&t=0
安徽科居新材料科技有限公司,市场推广专员,https://jobs.51job.com/chizhou/94820622.html?s=01&t=0
深圳市恒源昊资产管理有限公司合肥...,滁州定远银行外访催收+六险一金,https://jobs.51job.com/chuzhou/111327482.html?s=01&t=0
苏州健将体育发展有限公司,高薪诚聘室内轮滑店 店长,https://jobs.51job.com/huaibei/90812759.html?s=01&t=0
苏州健将体育发展有限公司,高薪诚聘室内轮滑店 店长,https://jobs.51job.com/suzhoue/90811806.html?s=01&t=0
苏州健将体育发展有限公司,高薪诚聘室内轮滑店 店长,https://jobs.51job.com/chizhou/90811707.html?s=01&t=0
苏州健将体育发展有限公司,高薪诚聘室内轮滑店 店长,https://jobs.51job.com/anqing/90811611.html?s=01&t=0
苏州健将体育发展有限公司,室内轮滑店助教,https://jobs.51job.com/chizhou/76743094.html?s=01&t=0
苏州健将体育发展有限公司,高薪诚聘室内轮滑店 店长,https://jobs.51job.com/hefei/90812356.html?s=01&t=0
上海金狗实业有限公司,销售经理/区域经理/城市合伙人,https://jobs.51job.com/wuhu/111078104.html?s=01&t=0
上海金狗实业有限公司,销售经理/区域经理/城市合伙人,https://jobs.51job.com/hefei/111078036.html?s=01&t=0
江苏丁是丁精密科技有限公司,冲压专案工程师/组长,https://jobs.51job.com/suzhou-wjq/108916182.html?s=01&t=0
江苏丁是丁精密科技有限公司,IE工程师,https://jobs.51job.com/suzhou-wjq/107155963.html?s=01&t=0
安徽睿曼智能装备制造有限公司,钣金工,https://jobs.51job.com/chizhou/100590749.html?s=01&t=0
池州联科电子工业设备制造有限公司,包装组长,https://jobs.51job.com/chizhou/112432254.html?s=01&t=0
池州联科电子工业设备制造有限公司,包装组长,https://jobs.51job.com/chizhou/112432247.html?s=01&t=0
池州联科电子工业设备制造有限公司,喷涂主管,https://jobs.51job.com/chizhou/112433967.html?s=01&t=0
池州联科电子工业设备制造有限公司,喷涂主管,https://jobs.51job.com/chizhou/112433966.html?s=01&t=0
池州联科电子工业设备制造有限公司,喷涂主管,https://jobs.51job.com/chizhou/112433965.html?s=01&t=0
池州联科电子工业设备制造有限公司,喷涂主管,https://jobs.51job.com/chizhou/112433964.html?s=01&t=0
池州联科电子工业设备制造有限公司,喷涂主管,https://jobs.51job.com/chizhou/112433951.html?s=01&t=0
池州市贵池区快乐魔方课外培训学校...,课程顾问,https://jobs.51job.com/chizhou/112363831.html?s=01&t=0
池州市贵池区快乐魔方课外培训学校...,小学作文老师,https://jobs.51job.com/chizhou/112363341.html?s=01&t=0
池州市宝源矿建工程有限公司,机电工程师,https://jobs.51job.com/anhuisheng/112123879.html?s=01&t=0
池州盛科光学有限公司,报账员,https://jobs.51job.com/chizhou/111086610.html?s=01&t=0
池州盛科光学有限公司,仓库管理员,https://jobs.51job.com/chizhou/111083819.html?s=01&t=0
中国电信安徽公司,互联网渠道运营经理(池州),https://jobs.51job.com/chizhou/105534400.html?s=01&t=0
中国电信安徽公司,IT工程师(池州),https://jobs.51job.com/chizhou/105534128.html?s=01&t=0
中国电信安徽公司,4G/5G网络工程师(池州),https://jobs.51job.com/chizhou/105534265.html?s=01&t=0
江西金预康健康产业有限公司,销售经理（池州地区）,https://jobs.51job.com/chizhou/97883773.html?s=01&t=0
安徽康视眼健康管理有限公司,眼科医生—池州,https://jobs.51job.com/chizhou/111477508.html?s=01&t=0
安庆市宜秀区鑫福源母婴用品商行,安庆地区、池州地区销售代表,https://jobs.51job.com/anqing/102144814.html?s=01&t=0
合肥医星医疗科技发展有限公司,销售经理（安微铜陵、池州）,https://jobs.51job.com/hefei/104185970.html?s=01&t=0
安徽沛远住宅配套工程有限公司,客户经理（芜湖、黄山、铜陵、池州）,https://jobs.51job.com/wuhu/96507206.html?s=01&t=0
安徽讯飞联创信息科技有限公司,池州在线客服岗,https://jobs.51job.com/chizhou/94587594.html?s=01&t=0
安徽讯飞联创信息科技有限公司,池州旅游商务BD（急招）,https://jobs.51job.com/chizhou/94587409.html?s=01&t=0
天利和汽车实业有限公司,财务经理（铜陵、池州奥迪）,https://jobs.51job.com/tongling/111398582.html?s=01&t=0
北京中科特瑞科技有限公司,池州大数据工程师,https://jobs.51job.com/chizhou/96436864.html?s=01&t=0
立邦涂料（中国）有限公司,销售专员/渠道/业务员（铜陵、安庆、池州）,https://jobs.51job.com/tongling/99604098.html?s=01&t=0
安徽红太阳生物化学有限公司,绩效专员（工作地点：安徽池州东至）,https://jobs.51job.com/chizhou/106953156.html?s=01&t=0
宁波金美亚池州管桩有限公司,机械工程师,https://jobs.51job.com/chizhou/103086938.html?s=01&t=0
池州市骏智机电科技有限公司,产品项目工程师,https://jobs.51job.com/chizhou/104149766.html?s=01&t=0
池州市骏智机电科技有限公司,PE工程师,https://jobs.51job.com/chizhou/99433873.html?s=01&t=0
池州市骏智机电科技有限公司,仓库主管,https://jobs.51job.com/chizhou/112537867.html?s=01&t=0
池州市骏智机电科技有限公司,PMC,https://jobs.51job.com/yichune/109426731.html?s=01&t=0
池州市骏智机电科技有限公司,冲压模具工程师,https://jobs.51job.com/chizhou/103021871.html?s=01&t=0
池州市骏智机电科技有限公司,销售内勤,https://jobs.51job.com/chizhou/109063615.html?s=01&t=0
池州市骏智机电科技有限公司,生产计划,https://jobs.51job.com/chizhou/107277580.html?s=01&t=0
池州市骏智机电科技有限公司,采购专员,https://jobs.51job.com/chizhou/110449244.html?s=01&t=0
池州市骏智机电科技有限公司,钳工,https://jobs.51job.com/chizhou/109610369.html?s=01&t=0
池州市骏智机电科技有限公司,QE,https://jobs.51job.com/chizhou/101558016.html?s=01&t=0
池州市骏智机电科技有限公司,销售代表,https://jobs.51job.com/wuhu/108892819.html?s=01&t=0
池州市骏智机电科技有限公司,销售顾问,https://jobs.51job.com/chizhou/105282328.html?s=01&t=0
池州市骏智机电科技有限公司,SQE,https://jobs.51job.com/chizhou/102989520.html?s=01&t=0
池州市骏智机电科技有限公司,注塑工程师,https://jobs.51job.com/chizhou/110056632.html?s=01&t=0
池州市骏智机电科技有限公司,结构工程师,https://jobs.51job.com/yichune/109080737.html?s=01&t=0
池州市骏智机电科技有限公司,电气工程师,https://jobs.51job.com/chizhou/99828583.html?s=01&t=0
池州市骏智机电科技有限公司,品质工程师,https://jobs.51job.com/yichune/109081179.html?s=01&t=0
南京学无涯文化传播有限公司,好项目聘池州负责人赚钱多,https://jobs.51job.com/chizhou/96825761.html?s=01&t=0
合肥诺森医学检验有限公司,池州区域销售经理,https://jobs.51job.com/chizhou/104130539.html?s=01&t=0
合肥诺森医学检验有限公司,池州区域销售代表,https://jobs.51job.com/chizhou/111957709.html?s=01&t=0
安徽成文财务管理咨询有限公司,池州贵池会计,https://jobs.51job.com/chizhou/112481507.html?s=01&t=0
明发集团池州房地产开发有限公司,预算经理（池州青阳）,https://jobs.51job.com/chizhou/111153448.html?s=01&t=0
池州市倍晨文化传播有限公司,诚聘学科教师（物理、化学、语文、数学 商之都）,https://jobs.51job.com/chizhou/111213714.html?s=01&t=0
池州市倍晨文化传播有限公司,教育咨询师,https://jobs.51job.com/chizhou/108685731.html?s=01&t=0
池州市倍晨文化传播有限公司,初高中英语老师,https://jobs.51job.com/chizhou/107197371.html?s=01&t=0
池州市倍晨文化传播有限公司,高中生物老师,https://jobs.51job.com/chizhou/107197178.html?s=01&t=0
池州市倍晨文化传播有限公司,初高中化学老师,https://jobs.51job.com/chizhou/107197098.html?s=01&t=0
池州市倍晨文化传播有限公司,初中语文老师,https://jobs.51job.com/chizhou/107196983.html?s=01&t=0
池州市倍晨文化传播有限公司,初高中数学老师,https://jobs.51job.com/chizhou/107196911.html?s=01&t=0
池州市倍晨文化传播有限公司,初高中物理老师,https://jobs.51job.com/chizhou/107196795.html?s=01&t=0
池州市倍晨文化传播有限公司,课程顾问,https://jobs.51job.com/chizhou/107196622.html?s=01&t=0
宁波金美亚池州管桩有限公司,助理会计,https://jobs.51job.com/chizhou/112175850.html?s=01&t=0
宁波金美亚池州管桩有限公司,工艺工程师,https://jobs.51job.com/chizhou/111979283.html?s=01&t=0
宁波金美亚池州管桩有限公司,总经理秘书,https://jobs.51job.com/chizhou/111972951.html?s=01&t=0
宁波金美亚池州管桩有限公司,生产储备干部,https://jobs.51job.com/chizhou/111918955.html?s=01&t=0
宁波金美亚池州管桩有限公司,行车工,https://jobs.51job.com/chizhou/111504726.html?s=01&t=0
宁波金美亚池州管桩有限公司,人事行政主管,https://jobs.51job.com/chizhou/111137429.html?s=01&t=0
宁波金美亚池州管桩有限公司,市场专员,https://jobs.51job.com/chizhou/103360373.html?s=01&t=0
宁波金美亚池州管桩有限公司,电气工程师,https://jobs.51job.com/chizhou/103086523.html?s=01&t=0
宁波金美亚池州管桩有限公司,开单员,https://jobs.51job.com/chizhou/84722196.html?s=01&t=0
安徽泰升节能科技有限公司,工地施工下单员,https://jobs.51job.com/chizhou/103799269.html?s=01&t=0
安徽泰升节能科技有限公司,工程项目经理,https://jobs.51job.com/chizhou/103798952.html?s=01&t=0
安徽泰升节能科技有限公司,工程项目经理,https://jobs.51job.com/chizhou/103798951.html?s=01&t=0
安徽泰升节能科技有限公司,工程项目经理,https://jobs.51job.com/chizhou/103798950.html?s=01&t=0
安徽泰升节能科技有限公司,工程项目经理,https://jobs.51job.com/chizhou/103798949.html?s=01&t=0
安徽康视眼健康管理有限公司,区域运营经理,https://jobs.51job.com/hefei-ssq/110341114.html?s=01&t=0
安徽康视眼健康管理有限公司,区域运营经理,https://jobs.51job.com/hefei-ssq/110341113.html?s=01&t=0
安徽康视眼健康管理有限公司,区域运营经理,https://jobs.51job.com/chizhou/110341112.html?s=01&t=0
安徽康视眼健康管理有限公司,区域运营经理,https://jobs.51job.com/hefei-ssq/110341111.html?s=01&t=0
安庆市宜秀区鑫福源母婴用品商行,KA、婴童连锁销售经理,https://jobs.51job.com/anqing/111603437.html?s=01&t=0
安庆市宜秀区鑫福源母婴用品商行,纸尿裤厂家销售经理,https://jobs.51job.com/anqing/102145069.html?s=01&t=0
安庆市宜秀区鑫福源母婴用品商行,营养品厂家销售经理,https://jobs.51job.com/anqing/102144788.html?s=01&t=0
安庆市宜秀区鑫福源母婴用品商行,安庆区域贝因美育博销售经理,https://jobs.51job.com/anqing/102144641.html?s=01&t=0
安徽荣创芯科自动化设备制造有限公司,采购专员（机械加工品）,https://jobs.51job.com/chizhou/106398164.html?s=01&t=0
安徽荣创芯科自动化设备制造有限公司,机械手臂应用工程师（真空ROBOT）,https://jobs.51job.com/chizhou/91021972.html?s=01&t=0
安徽中鑫继远信息技术股份有限公司,实习生（阜阳市）,https://jobs.51job.com/fuyang/86205628.html?s=01&t=0
安徽卧涛科技咨询有限公司,学习顾问,https://jobs.51job.com/hefei/111615665.html?s=01&t=0
上海旺妙实业有限公司,城市经理,https://jobs.51job.com/maanshan/101570788.html?s=01&t=0
某激光电视企业安徽分公司,渠道销售经理,https://jobs.51job.com/anqing/110645803.html?s=01&t=0
某激光电视企业安徽分公司,渠道销售经理,https://jobs.51job.com/bozhou/110645802.html?s=01&t=0
某激光电视企业安徽分公司,渠道销售经理,https://jobs.51job.com/huaibei/110645801.html?s=01&t=0
某激光电视企业安徽分公司,渠道销售经理,https://jobs.51job.com/suzhoue/110645800.html?s=01&t=0
某激光电视企业安徽分公司,渠道销售经理,https://jobs.51job.com/chizhou/110645799.html?s=01&t=0
某激光电视企业安徽分公司,渠道销售经理,https://jobs.51job.com/xuancheng/110645798.html?s=01&t=0
某激光电视企业安徽分公司,渠道销售经理,https://jobs.51job.com/liuan/110645797.html?s=01&t=0
某激光电视企业安徽分公司,渠道销售经理,https://jobs.51job.com/wuhu/110645796.html?s=01&t=0
某激光电视企业安徽分公司,渠道销售经理,https://jobs.51job.com/hefei-zwq/110645795.html?s=01&t=0
华夏银行股份有限公司合肥分行,信用卡销售   华夏银行,https://jobs.51job.com/chizhou/109712847.html?s=01&t=0
华夏银行股份有限公司合肥分行,信用卡销售   华夏银行,https://jobs.51job.com/chizhou/109712842.html?s=01&t=0
华夏银行股份有限公司合肥分行,信用卡销售   华夏银行,https://jobs.51job.com/chizhou/109712823.html?s=01&t=0
青岛百洋医药股份有限公司,OTC销售六险一金（迪巧）,https://jobs.51job.com/chizhou/111579068.html?s=01&t=0
中航国铁（北京）教育投资管理有限...,校区主任/校区负责人,https://jobs.51job.com/hefei/111611575.html?s=01&t=0
中航国铁（北京）教育投资管理有限...,校区主任/校区负责人,https://jobs.51job.com/hefei/111611574.html?s=01&t=0
中航国铁（北京）教育投资管理有限...,校区主任/校区负责人,https://jobs.51job.com/hefei/111611573.html?s=01&t=0
中航国铁（北京）教育投资管理有限...,校区主任/校区负责人,https://jobs.51job.com/hefei/111611572.html?s=01&t=0
深圳市恒源昊资产管理有限公司合肥...,六安银行催收外访7K+,https://jobs.51job.com/liuan/111971967.html?s=01&t=0
今日头条安徽运营中心,今日头条/抖音分公司大客户经理,https://jobs.51job.com/maanshan/111154071.html?s=01&t=0
今日头条安徽运营中心,今日头条/抖音分公司大客户经理,https://jobs.51job.com/anqing/111154070.html?s=01&t=0
今日头条安徽运营中心,今日头条/抖音分公司大客户经理,https://jobs.51job.com/wuhu/111154069.html?s=01&t=0
今日头条安徽运营中心,今日头条/抖音分公司大客户经理,https://jobs.51job.com/huangshan/111154068.html?s=01&t=0
安徽道勤汇金汽车销售服务有限公司,城市经理（六安）,https://jobs.51job.com/liuan/112393311.html?s=01&t=0
安徽道勤汇金汽车销售服务有限公司,城市经理（黄山）,https://jobs.51job.com/anhuisheng/110149987.html?s=01&t=0
安徽道勤汇金汽车销售服务有限公司,城市经理（马鞍山）,https://jobs.51job.com/anhuisheng/110149910.html?s=01&t=0
安徽道勤汇金汽车销售服务有限公司,城市经理（滁州）,https://jobs.51job.com/anhuisheng/110149820.html?s=01&t=0
安徽道勤汇金汽车销售服务有限公司,商用车（城市经理）,https://jobs.51job.com/anhuisheng/109797003.html?s=01&t=0
安徽道勤汇金汽车销售服务有限公司,城市经理（亳州）,https://jobs.51job.com/bozhou/109363600.html?s=01&t=0
安徽道勤汇金汽车销售服务有限公司,城市经理（淮南）,https://jobs.51job.com/huainan/109271951.html?s=01&t=0
安徽道勤汇金汽车销售服务有限公司,城市经理（蚌埠）,https://jobs.51job.com/anhuisheng/109270437.html?s=01&t=0
合肥志诚教育股份有限公司,学科教师（安庆）,https://jobs.51job.com/anqing/100083524.html?s=01&t=0
广誉远中药股份有限公司,商务代表（医药）,https://jobs.51job.com/anhuisheng/103095717.html?s=01&t=0
广誉远中药股份有限公司,商务代表（医药）,https://jobs.51job.com/anhuisheng/103095716.html?s=01&t=0
广誉远中药股份有限公司,商务代表（医药）,https://jobs.51job.com/anhuisheng/103095715.html?s=01&t=0
广誉远中药股份有限公司,商务代表（医药）,https://jobs.51job.com/anhuisheng/103095714.html?s=01&t=0
广誉远中药股份有限公司,商务代表（医药）,https://jobs.51job.com/anhuisheng/103095713.html?s=01&t=0
广誉远中药股份有限公司,商务代表（医药）,https://jobs.51job.com/anhuisheng/103095712.html?s=01&t=0
广誉远中药股份有限公司,商务代表（医药）,https://jobs.51job.com/anhuisheng/103095711.html?s=01&t=0
广誉远中药股份有限公司,医药销售代表,https://jobs.51job.com/anhuisheng/107908260.html?s=01&t=0
广誉远中药股份有限公司,医药销售代表,https://jobs.51job.com/anhuisheng/107908262.html?s=01&t=0
广誉远中药股份有限公司,医药销售代表,https://jobs.51job.com/anhuisheng/107908261.html?s=01&t=0
北京中公教育科技股份有限公司,客服综合岗,https://jobs.51job.com/chizhou/110113803.html?s=01&t=0
上海如家酒店管理有限公司,酒店总经理（中华东区域）(J10337),https://jobs.51job.com/jiangsusheng/109682349.html?s=01&t=0
安徽百姓缘大药房连锁有限公司,五险一金诚聘药店营业员,https://jobs.51job.com/hefei-ssq/81859143.html?s=01&t=0
长春金赛药业股份有限公司,医药代表（销售服务）,https://jobs.51job.com/wuhu/110930470.html?s=01&t=0
长春金赛药业股份有限公司,医药代表（销售服务）,https://jobs.51job.com/wuhu/110930465.html?s=01&t=0
芜湖盛美盈顺电器销售有限公司,区域主管/经理（工作地：皖南）,https://jobs.51job.com/wuhu/110859836.html?s=01&t=0
芜湖盛美盈顺电器销售有限公司,区域主管/经理（工作地：皖南）,https://jobs.51job.com/wuhu/110859690.html?s=01&t=0
安徽卡儿菲特服饰有限公司,员工关系专员,https://jobs.51job.com/chizhou/84025640.html?s=01&t=0
安徽卡儿菲特服饰有限公司,数据文员/文员/数据员,https://jobs.51job.com/chizhou/83192312.html?s=01&t=0
安徽卡儿菲特服饰有限公司,样衣工/车版师,https://jobs.51job.com/chizhou/83191279.html?s=01&t=0
安徽卡儿菲特服饰有限公司,跟单员/服装外发生产跟单,https://jobs.51job.com/chizhou/82656723.html?s=01&t=0
奥镁（大连）有限公司,化验员,https://jobs.51job.com/chizhou/107377828.html?s=01&t=0
奥镁（大连）有限公司,维修钳工（有电焊证）,https://jobs.51job.com/chizhou/102212035.html?s=01&t=0
广东欧科空调制冷有限公司,销售工程师,https://jobs.51job.com/hefei/101652640.html?s=01&t=0
丽珠医药集团股份有限公司,城市经理,https://jobs.51job.com/hefei-jkq/110466090.html?s=01&t=0
丽珠医药集团股份有限公司,医药代表,https://jobs.51job.com/hefei-jkq/110413726.html?s=01&t=0
安徽中鑫继远信息技术股份有限公司,实习生（马鞍山）,https://jobs.51job.com/maanshan/109515411.html?s=01&t=0
安徽中鑫继远信息技术股份有限公司,实习生（马鞍山市）,https://jobs.51job.com/maanshan/108643221.html?s=01&t=0
安徽中鑫继远信息技术股份有限公司,实习生（淮南市）,https://jobs.51job.com/huainan/80038511.html?s=01&t=0
江苏恒瑞医药股份有限公司,区域患者教育专员,https://jobs.51job.com/xuancheng/109480305.html?s=01&t=0
江苏恒瑞医药股份有限公司,区域患者教育专员,https://jobs.51job.com/huangshan/109480304.html?s=01&t=0
安徽睿曼智能装备制造有限公司,车铣焊工,https://jobs.51job.com/chizhou/100342380.html?s=01&t=0
安徽睿曼智能装备制造有限公司,装配钳工,https://jobs.51job.com/hefei-jkq/99773656.html?s=01&t=0
上海金狗实业有限公司,销售经理/区域经理/城市合伙人,https://jobs.51job.com/anhuisheng/110870552.html?s=01&t=0
池州盛科光学有限公司,报关员-主管/经理(急招),https://jobs.51job.com/chizhou/110635833.html?s=01&t=0
池州盛科光学有限公司,人事兼总务,https://jobs.51job.com/chizhou/110323897.html?s=01&t=0
池州盛科光学有限公司,财务兼关务,https://jobs.51job.com/chizhou/107092676.html?s=01&t=0
安徽红太阳生物化学有限公司,招聘专员（工作地点：安徽池州东至）,https://jobs.51job.com/chizhou/106953010.html?s=01&t=0
池州显闰环境工程有限公司,环评工程师 工作地点：安徽池州,https://jobs.51job.com/chizhou/111389067.html?s=01&t=0
池州市骏智机电科技有限公司,质检员,https://jobs.51job.com/chizhou/93693082.html?s=01&t=0
池州市骏智机电科技有限公司,注塑机作业员,https://jobs.51job.com/yichune/109426854.html?s=01&t=0
池州市骏智机电科技有限公司,品质检验员,https://jobs.51job.com/yichune/109080571.html?s=01&t=0
池州市骏智机电科技有限公司,设备维修技术员,https://jobs.51job.com/chizhou/104352757.html?s=01&t=0
池州市骏智机电科技有限公司,测量员,https://jobs.51job.com/chizhou/99860833.html?s=01&t=0
池州市骏智机电科技有限公司,普工,https://jobs.51job.com/chizhou/92470645.html?s=01&t=0
池州市骏智机电科技有限公司,塑胶模调机员,https://jobs.51job.com/yichune/109080417.html?s=01&t=0
池州市骏智机电科技有限公司,人事主管,https://jobs.51job.com/chizhou/103471212.html?s=01&t=0
宁波金美亚池州管桩有限公司,普工/行车工+高薪,https://jobs.51job.com/chizhou/83543337.html?s=01&t=0
上海旺妙实业有限公司,城市经理,https://jobs.51job.com/wuhu/101570657.html?s=01&t=0
上海旺妙实业有限公司,城市经理,https://jobs.51job.com/hefei/101570498.html?s=01&t=0
上海旺妙实业有限公司,城市经理,https://jobs.51job.com/nantong/101570357.html?s=01&t=0
上海旺妙实业有限公司,城市经理,https://jobs.51job.com/changzhou/101570190.html?s=01&t=0
上海旺妙实业有限公司,城市经理,https://jobs.51job.com/suzhou/101569723.html?s=01&t=0
上海旺妙实业有限公司,城市经理,https://jobs.51job.com/hangzhou/101568649.html?s=01&t=0
安徽百姓缘大药房连锁有限公司,三里街诚聘执业药师,https://jobs.51job.com/hefei-ssq/108565091.html?s=01&t=0
安徽百姓缘大药房连锁有限公司,高薪诚聘营业员,https://jobs.51job.com/hefei-ssq/105752589.html?s=01&t=0
青岛百洋医药股份有限公司,OTC区域主管（皖南地区）,https://jobs.51job.com/wuhu/108646721.html?s=01&t=0
安徽卡儿菲特服饰有限公司,人事专员/人事助理,https://jobs.51job.com/chizhou/101823315.html?s=01&t=0
安徽讯飞联创信息科技有限公司,销售经理,https://jobs.51job.com/chizhou/109434690.html?s=01&t=0
中国水利水电第八工程局有限公司,码头运营,https://jobs.51job.com/chizhou/112269936.html?s=01&t=0
安徽卧涛科技咨询有限公司,网络文案编辑,https://jobs.51job.com/hefei/90029588.html?s=01&t=0
安徽天天爱车网络科技有限公司,区域运营专员,https://jobs.51job.com/hefei-yhq/100468403.html?s=01&t=0
安徽弘和共创酒业有限公司,区域销售经理,https://jobs.51job.com/hefei-bhq/111976933.html?s=01&t=0
芜湖盛美盈顺电器销售有限公司,区域主管/经理（工作地：皖南）,https://jobs.51job.com/wuhu/110859612.html?s=01&t=0
浙江五丰冷食有限公司,业务员/销售代表,https://jobs.51job.com/wuhu/111946752.html?s=01&t=0
中瑞集团,渠道销售经理,https://jobs.51job.com/anhuisheng/109711168.html?s=01&t=0
中瑞集团,渠道销售经理,https://jobs.51job.com/anhuisheng/109711167.html?s=01&t=0
中瑞集团,渠道销售经理,https://jobs.51job.com/anhuisheng/109711166.html?s=01&t=0
丽珠医药集团股份有限公司,基层地区经理,https://jobs.51job.com/hefei-jkq/110475771.html?s=01&t=0
丽珠医药集团股份有限公司,医院代表,https://jobs.51job.com/hefei-jkq/110475360.html?s=01&t=0
丽珠医药集团股份有限公司,市场推广经理,https://jobs.51job.com/hefei-jkq/110464617.html?s=01&t=0
安徽泰合汽车贸易有限公司,销售经理（五险+包住）,https://jobs.51job.com/hefei-fdx/108431813.html?s=01&t=0
安徽泰合汽车贸易有限公司,销售经理,https://jobs.51job.com/hefei-fdx/107796261.html?s=01&t=0
安徽艾可蓝环保股份有限公司,销售经理,https://jobs.51job.com/hefei-bhq/107709122.html?s=01&t=0
池州市毕玛威财务咨询有限公司,大客户经理,https://jobs.51job.com/chizhou/110947812.html?s=01&t=0
星空传媒控股（香港）有限公司,总经理/销售总监,https://jobs.51job.com/fuyang/108586078.html?s=01&t=0
池州联科电子工业设备制造有限公司,钣金工艺工程师,https://jobs.51job.com/chizhou/112228738.html?s=01&t=0
池州联科电子工业设备制造有限公司,生产主管,https://jobs.51job.com/chizhou/112280767.html?s=01&t=0
池州联科电子工业设备制造有限公司,品保主管,https://jobs.51job.com/chizhou/112280007.html?s=01&t=0
池州联科电子工业设备制造有限公司,品保主管,https://jobs.51job.com/chizhou/112279991.html?s=01&t=0
池州联科电子工业设备制造有限公司,业务员,https://jobs.51job.com/chizhou/112348994.html?s=01&t=0
池州联科电子工业设备制造有限公司,仓库主管,https://jobs.51job.com/chizhou/112344371.html?s=01&t=0
池州联科电子工业设备制造有限公司,焊接技工,https://jobs.51job.com/chizhou/112351455.html?s=01&t=0
池州联科电子工业设备制造有限公司,折弯工,https://jobs.51job.com/chizhou/112405075.html?s=01&t=0
池州联科电子工业设备制造有限公司,焊接技工,https://jobs.51job.com/chizhou/112351447.html?s=01&t=0
池州联科电子工业设备制造有限公司,折弯工,https://jobs.51job.com/chizhou/112405074.html?s=01&t=0
安徽讯飞联创信息科技有限公司,旅游运营经理,https://jobs.51job.com/chizhou/88024369.html?s=01&t=0
上海旺妙实业有限公司,城市经理,https://jobs.51job.com/shenyang/107454960.html?s=01&t=0
上海旺妙实业有限公司,销售代表,https://jobs.51job.com/wuhan-jaq/106508724.html?s=01&t=0
上海旺妙实业有限公司,销售代表,https://jobs.51job.com/hebeisheng/106319771.html?s=01&t=0
上海旺妙实业有限公司,渠道销售专员,https://jobs.51job.com/hebeisheng/106319756.html?s=01&t=0
上海旺妙实业有限公司,渠道分销专员,https://jobs.51job.com/changsha/103242220.html?s=01&t=0
上海旺妙实业有限公司,渠道分销,https://jobs.51job.com/xian/102470876.html?s=01&t=0
上海旺妙实业有限公司,渠道销售代表,https://jobs.51job.com/hangzhou/102052769.html?s=01&t=0
上海煦弘科贸有限公司,生产技术员,https://jobs.51job.com/chizhou/109525119.html?s=01&t=0
网新科技集团有限公司,百度市场营销专家（底薪4k+双休）,https://jobs.51job.com/chizhou/103750604.html?s=01&t=0
网新科技集团有限公司,百度直通车营销顾问（高提成+双休）,https://jobs.51job.com/chizhou/97241733.html?s=01&t=0
安徽道勤汇金汽车销售服务有限公司,城市经理 芜湖,https://jobs.51job.com/wuhu/108757457.html?s=01&t=0
安徽道勤汇金汽车销售服务有限公司,城市经理,https://jobs.51job.com/fuyang/106373187.html?s=01&t=0
网新科技集团有限公司,百度营销顾问,https://jobs.51job.com/chizhou/110365832.html?s=01&t=0
深圳市恒源昊资产管理有限公司合肥...,阜阳银行催收外访6k+,https://jobs.51job.com/fuyang/111766948.html?s=01&t=0
安徽卧涛科技咨询有限公司,Java开发工程师,https://jobs.51job.com/hefei/110542434.html?s=01&t=0
安徽卧涛科技咨询有限公司,APP开发工程师,https://jobs.51job.com/hefei/110541643.html?s=01&t=0
安徽卧涛科技咨询有限公司,软件开发工程师,https://jobs.51job.com/hefei/106811411.html?s=01&t=0
安徽卧涛科技咨询有限公司,技术成果经纪人,https://jobs.51job.com/hefei/98918560.html?s=01&t=0
安徽卧涛科技咨询有限公司,项目申报电话客服经理,https://jobs.51job.com/hefei/98917252.html?s=01&t=0
安徽卧涛科技咨询有限公司,资深科技项目申报专员,https://jobs.51job.com/hefei/98912984.html?s=01&t=0
中瑞集团,渠道销售经理,https://jobs.51job.com/anhuisheng/109711165.html?s=01&t=0
中瑞集团,渠道销售经理,https://jobs.51job.com/anhuisheng/109711164.html?s=01&t=0
中瑞集团,渠道销售经理,https://jobs.51job.com/anhuisheng/109711163.html?s=01&t=0
九江天赐高新材料有限公司,质量工程师（管理培训生）,https://jobs.51job.com/jiujiang/108009603.html?s=01&t=0
九江天赐高新材料有限公司,质量工程师（管理培训生）,https://jobs.51job.com/jiujiang/108009602.html?s=01&t=0
九江天赐高新材料有限公司,工艺工程师（管理培训生）,https://jobs.51job.com/jiujiang/108009526.html?s=01&t=0
九江天赐高新材料有限公司,工艺工程师（管理培训生）,https://jobs.51job.com/jiujiang/108009525.html?s=01&t=0
九江天赐高新材料有限公司,工艺工程师（管理培训生）,https://jobs.51job.com/jiujiang/108009524.html?s=01&t=0
九江天赐高新材料有限公司,工艺工程师（管理培训生）,https://jobs.51job.com/jiujiang/108009523.html?s=01&t=0
池州联科电子工业设备制造有限公司,激光师傅,https://jobs.51job.com/chizhou/112405389.html?s=01&t=0
池州联科电子工业设备制造有限公司,折弯工,https://jobs.51job.com/chizhou/112405070.html?s=01&t=0
上海旺妙实业有限公司,销售代表,https://jobs.51job.com/wuxi/101975414.html?s=01&t=0
上海旺妙实业有限公司,渠道分销,https://jobs.51job.com/ningbo/101944562.html?s=01&t=0
上海旺妙实业有限公司,城市经理,https://jobs.51job.com/nanjing/101617512.html?s=01&t=0
