,name,url
0,池州人网文化传媒有限公司,/company/1.html
3,安徽九朵莲实业股份有限公司,/company/1034.html
8,池州市纽约纽约时尚婚纱摄影影楼,/company/68.html
9,池信交通信息咨询服务有限公司,/company/695.html
10,玉臻集团,/company/1170.html
13,安徽普倍生物科技有限公司,/company/1942.html
14,贵池区哥俪服饰店,/company/2166.html
16,池州海韵健康服务有限公司,/company/2372.html
18,池州指游网络科技有限公司,/company/1932.html
20,池州骏智机电科技有限公司,/company/161.html
24,池州市九华山莲花小镇物业管理有限公司,/company/825.html
25,池州市万豪窗业,/company/644.html
26,池州邻鹿养老服务有限公司,/company/1842.html
28,池州市薇薇新娘婚纱摄影名店,/company/708.html
29,贵池区顺泰家用电器销售中心,/company/1203.html
30,池州千讯安康生物科技有限公司,/company/1755.html
34,池州天天快递公司,/company/1853.html
35,深圳市城投物业管理有限公司池州分公司,/company/691.html
36,池州市盛唐装饰工程有限公司,/company/1928.html
37,池州煜峰文化旅游发展有限公司,/company/2059.html
39,池州黑马体育健身发展有限公司,/company/2392.html
59,贵池区世甲酒庄,/company/1846.html
61,贵池区禾泰茶餐厅,/company/2401.html
63,安徽齐山房地产开发有限责任公司,/company/955.html
64,安徽省昇茂财务咨询有限公司,/company/1303.html
66,池州橡树湾服饰有限公司,/company/2386.html
68,池州众慧财务咨询服务有限公司,/company/1341.html
69,芜湖智观房地产策划有限公司,/company/1944.html
71,康丽净环保技术有限公司,/company/2277.html
73,池州志合房地产营销策划有限公司,/company/2335.html
74,安徽华刃科技有限公司,/company/1132.html
75,安徽笨鸟先飞电子商务发展有限公司,/company/57.html
76,池州市众联商贸有限公司,/company/2391.html
80,池州市柯林斯教育咨询服务中心,/company/852.html
81,安徽智元互联信息科技有限公司,/company/749.html
82,池州市贵池区指南针课外教育学校有限公司,/company/1979.html
84,橄榄树美容服务有限公司,/company/2287.html
86,安徽蓝色海湾信鸽文化发展有限公司,/company/46.html
87,浙江链机信息科技有限公司,/company/1521.html
91,池州简凡汽车美容服务有限公司,/company/2174.html
111,池州市天福商贸中心,/company/315.html
112,安徽九华山投资开发集团有限公司,/company/1342.html
114,池州月新绣品有限公司,/company/2377.html
117,中通服建设有限公司,/company/2120.html
118,兴和食品有限责任公司,/company/2158.html
122,安徽秋浦河旅游股份有限公司,/company/899.html
123,池州星云飞渡影视文化传媒,/company/469.html
126,安徽华安电力建设有限公司,/company/930.html
128,池州伟星管材销售有限公司,/company/910.html
130,池州市贵池区太阳新城幼儿园,/company/203.html
132,格林豪泰（长江南路店）,/company/779.html
134,池州市方圆房地产经纪有限公司,/company/763.html
135,嘉年华宾馆,/company/1397.html
136,池州市安安精工铝业有限公司,/company/1376.html
141,池州百维度信息技术有限公司,/company/1509.html
144,池州市拉钩供应链管理有限公司,/company/2118.html
146,安徽顺丰速运有限公司池州分公司,/company/566.html
149,池州市卓尔服饰有限公司,/company/304.html
150,安徽博洋钢结构安装工程有限公司,/company/421.html
154,安徽省忆江南生物科技有限公司,/company/1922.html
156,青阳县金芙蓉农林生态专业合作社,/company/2298.html
158,安徽安芯电子科技股份有限公司,/company/1000.html
159,深圳市美展电子商贸有限公司,/company/2227.html
161,安徽芯旭半导体有限公司,/company/1037.html
167,个体户姜根琴,/company/2395.html
168,池州十里岗驾驶培训学校有限公司,/company/2336.html
169,安徽优越地产顾问有限公司,/company/851.html
170,贵池区丽儿医美美容中心,/company/2241.html
174,池州祥盛汽车货运有限公司,/company/2342.html
179,中科乐机器人教育中心,/company/1884.html
180,贵池区杏花村小学,/company/380.html
181,新飞凡电脑,/company/898.html
182,池州市秋浦通用工贸有限公司,/company/104.html
184,安徽力成智能装备股份有限公司,/company/54.html
194,池州乐学教育咨询有限公司,/company/799.html
197,安徽云峰线缆工程有限公司,/company/217.html
203,贵池区暖阳孕婴童用品店,/company/1875.html
205,中国铁通池州分公司,/company/2319.html
206,安徽省池州市豪丰置业有限公司,/company/1601.html
208,汇文教育,/company/669.html
210,池州市全发机械科技发展有限公司,/company/2281.html
211,格林豪泰酒店（建设路店）,/company/34.html
213,池州市百兴信息技术服务有限公司,/company/1961.html
214,池州世纪星网吧,/company/2340.html
215,贵池区梦想房屋维修部,/company/2068.html
216,平天湖风景区欧索莱生态家居经营部,/company/581.html
217,欧尚装饰工程有限公司,/company/1143.html
219,合肥天石利,/company/739.html
220,安徽互联广告传媒有限公司,/company/358.html
222,美国怡口净水池州销售服务中心,/company/40.html
223,池州市秀山门博物馆,/company/2328.html
224,池州万联电子工程有限公司,/company/781.html
225,池州市万众物业服务有限公司,/company/330.html
226,南京千河房产经纪有限公司,/company/2087.html
227,中国银河证券股份有限公司池州石城大道证券营业部,/company/2064.html
233,池州振龙教育咨询有限公司,/company/2354.html
235,池州市天天快递代理点,/company/2056.html
237,池州港华燃气有限公司,/company/252.html
239,池州骏升人力资源服务有限公司,/company/2197.html
242,池州春亚建材有限公司,/company/2151.html
243,池州市吉祥汽车销售服务有限公司,/company/2035.html
246,池州市金摇篮孕婴用品经营店,/company/2332.html
247,池州市立木橱柜有限公司,/company/2149.html
248,千里马教育咨询,/company/1757.html
250,池州市慧创商贸有限公司,/company/2339.html
252,安徽好鲜生供应链管理有限公司,/company/2351.html
253,安徽嘉诺世纪地产投资顾问有限公司,/company/2352.html
257,池州永达汽车贸易有限公司,/company/2373.html
261,东至亚安口腔,/company/2291.html
266,安徽征圣智能科技有限公司,/company/1020.html
268,安徽永利纺织科技有限公司,/company/2175.html
274,池州瑞华商务咨询服务有限公司,/company/2194.html
277,安徽力合电力建设有限公司,/company/1551.html
278,池州市美佳装饰工程有限公司,/company/456.html
279,池州市赛格电脑科技服务中心,/company/183.html
281,池州市华诚知识产权事务有限公司,/company/1003.html
286,安徽凌飞农林发展有限公司,/company/137.html
287,池州中诚保安服务有限公司,/company/156.html
289,池州宇和置业有限公司,/company/770.html
290,安徽金砂环保科技有限公司,/company/800.html
293,安徽皖信人力资源管理有限公司池州分公司,/company/850.html
295,安徽林杰建筑工程有限公司,/company/632.html
299,九华天池风景区,/company/374.html
300,北京外企人力资源服务安徽分公司,/company/2322.html
301,池州市贵池区文博课外教育中心有限公司,/company/636.html
303,池州淘车无忧汽车管理服务有限公司,/company/1990.html
306,贵池区祥记烤鸭店,/company/2353.html
309,安徽上恒电气成套设备有限公司,/company/106.html
310,池州市智天下信息技术服务有限公司,/company/1977.html
321,安徽省池州市海峡假日酒店有限公司,/company/47.html
322,池州九华光学仪器有限公司,/company/1192.html
323,池州市艺轩广告经营部,/company/2023.html
325,安徽升辉检测有限公司,/company/859.html
326,池州美佳财务咨询有限公司,/company/255.html
329,安徽茶溪建设开发有限公司青阳县茶溪小镇酒店,/company/1486.html
330,中国太平洋财产保险股份有限公司池州中心支公司,/company/1739.html
333,安徽文星人力资源服务有限公司,/company/2301.html
335,池州市鼎峰网络科技有限公司,/company/73.html
336,池州市捷运彩票营销策划有限公司,/company/2321.html
339,池州市房天下房产经纪有限公司,/company/1277.html
340,瑶池足道,/company/2313.html
342,安徽泰润公路工程有限公司,/company/2318.html
344,合肥道远通信工程有限公司,/company/552.html
348,安徽中讯华图教育文化发展有限公司,/company/1268.html
350,池州市太阳岛教育,/company/2302.html
353,池州上韵文化传媒有限公司,/company/2182.html
355,池州众丰现代农业发展有限公司,/company/1836.html
357,池州富林汽车销售有限公司,/company/2245.html
358,池州百信医院,/company/2258.html
361,池州智汇紫牛人才服务有限公司,/company/2091.html
362,安徽大匠建设工程有限公司,/company/1446.html
363,池州市贵池区至诚科技服务中心,/company/2113.html
364,安徽璟辰建筑设计,/company/2162.html
365,池州徐园生态酒店管理有限公司,/company/2273.html
368,高生源蜂业,/company/1381.html
370,海上天足浴会所,/company/1187.html
374,北京聚才振邦企业管理顾问有限公司,/company/2229.html
375,思必克教育,/company/466.html
376,池州市开晨商贸有限公司,/company/2185.html
377,安徽天胜大药房连锁有限公司,/company/2235.html
378,池州华奔汽贸有限公司,/company/1667.html
380,池州山水间醉里头微酒店有限公司,/company/1613.html
383,池州山立分子筛有限公司,/company/112.html
384,池州山边徐农业发展有限公司,/company/897.html
387,池州市善福文化传媒有限公司,/company/1483.html
388,贵池区明朗花店,/company/2305.html
389,池州二亮建筑装饰工程有限公司,/company/1356.html
398,粥小宝粥铺,/company/2308.html
399,池州恋家建材店,/company/2145.html
400,安徽省池州市翠微酒业有限公司,/company/10.html
401,池州初润电子商务有限公司,/company/121.html
403,童乐体育有限公司,/company/1825.html
405,安徽路迈尔环境科技有限公司,/company/2076.html
406,池州酷购文化传媒有限公司,/company/2044.html
407,安徽四禾文化传媒有限公司,/company/2283.html
409,伊晗母婴销售中心,/company/2275.html
410,安徽正德人力资源咨询有限公司池州分公司,/company/1651.html
414,中国人保财险池州市分公司,/company/495.html
421,贵池区攀成钢小郡肝串串香店,/company/2206.html
422,安徽德斯兰卡铝业科技有限公司,/company/2052.html
423,龙鼎装饰,/company/1930.html
424,池州市凤园电子商务有限公司,/company/300.html
427,安徽艾可蓝环保股份有限公司,/company/901.html
428,安徽朗盛电力科技有限公司,/company/620.html
431,合肥星空投资管理有限公司池州分公司,/company/2099.html
433,安徽人人新能源汽车销售服务有限公司,/company/2272.html
436,安徽尚豪齿轮科技有限公司,/company/1035.html
440,池州市汇景幼儿园,/company/1821.html
441,铭仕娱乐中心,/company/1350.html
442,池州市光影传奇文化传媒有限公司,/company/929.html
445,南京腾文工程咨询有限公司,/company/2177.html
448,池州伊人梦婚纱摄影,/company/992.html
450,安徽鼎立工程机械科技有限公司,/company/1064.html
451,池州市九华社会工作服务中心,/company/1637.html
454,安徽金水建筑工程有限公司,/company/2202.html
456,梅街镇刘街卫生院,/company/2130.html
458,平天湖风景区悦容汇美容中心,/company/2233.html
460,东至房地产开发有限公司,/company/1660.html
461,池州市踏歌舞蹈艺术培训有限公司,/company/1857.html
462,安徽当代九开置业有限公司,/company/1636.html
463,池州市邦鼐机电科技有限公司,/company/257.html
465,池州市纵横房地产经纪有限公司,/company/428.html
466,池州云之舞艺术中心,/company/1589.html
467,上海赏远置业有限公司,/company/2083.html
469,贵州卡布国际护理品营销有限公司,/company/1174.html
470,池州市鑫荣房地产经济有限公司,/company/2147.html
472,安徽黄埔驾驶培训有限公司,/company/1181.html
473,慕蓝卡烘焙坊,/company/21.html
475,安徽蓝沃克环保科技有限公司,/company/2232.html
478,池州有米网络科技有限公司,/company/816.html
479,池州名文教育咨询有限公司,/company/2144.html
481,池州市同辉旅馆有限公司,/company/1101.html
482,池州正万护栏有限公司,/company/1709.html
483,池州市栋豪摩托车有限公司,/company/1645.html
484,安徽高升建筑安装工程有限公司,/company/2124.html
485,安徽省金盛磷铜科技有限公司,/company/350.html
487,池州祥云装饰有限公司,/company/95.html
489,池州市瑞德贸易有限公司,/company/2105.html
492,池州现代电子工程有限公司,/company/2226.html
496,安徽九华山旅游发展股份有限公司池州九之旅旅行社,/company/1097.html
497,池州飞鸣网络科技发展有限责任公司,/company/2208.html
502,中国十七冶集团有限公司池州海螺项目部,/company/2203.html
504,池州融达汽车销售服务有限公司,/company/1770.html
505,贵池区牧语家居店,/company/1791.html
506,黄厨匠酒店,/company/2138.html
508,池州市萍缘堂食品商行,/company/2071.html
511,广州鑫悍克商贸有限公司,/company/2181.html
514,贵池卡贝形象设计理发店,/company/2234.html
515,池州康有保网络科技有限公司,/company/2088.html
518,池州市睿通电子,/company/1554.html
520,池州市康诺大药房,/company/164.html
521,池州市天娱文化传媒有限公司,/company/656.html
522,贵池区莱客假日宾馆,/company/844.html
524,米奇牛排馆,/company/1698.html
526,池州云益诺网络科技有限公司,/company/2025.html
527,上海倚玄实验室设备有限公司,/company/2183.html
533,广州巨浪展览策划有限公司,/company/2157.html
534,安徽长钰建设有限公司,/company/2176.html
536,池州电信三台山代办点,/company/805.html
537,贵池区上一层私房菜馆,/company/2244.html
543,池州连连看网络科技有限公司,/company/1511.html
544,平天湖风景区觅餹蛋糕店,/company/2127.html
546,平天湖风景区时光机经营部,/company/273.html
548,安徽华宇物业发展有限公司,/company/1104.html
549,贵池区香吧岛龙虾馆,/company/2117.html
551,盛川园林,/company/24.html
554,池州市浩瀚文化传媒有限公司,/company/2085.html
557,池州市美丽阿姨演艺传媒有限公司,/company/1890.html
558,池州波涛装饰工程有限公司,/company/1495.html
567,贵池区凌丽娟食品店,/company/1075.html
570,池州精研新能源科技有限公司,/company/485.html
572,安徽省高速公路联网运营有限公司,/company/2139.html
574,阳光人寿保险股份有限公司池州中心支公司,/company/2072.html
575,池州市松鼠智适应文化发展有限公司,/company/2126.html
576,明发集团池州房地产开发有限公司,/company/2015.html
577,池州市贵池区好喜好酒楼,/company/513.html
578,池州梁宏置业有限公司,/company/1953.html
579,池州市江南市政公用工程有限公司,/company/745.html
582,安徽九华乾坤文化旅游发展有限责任公司,/company/1832.html
583,池州市房聚文化传媒有限公司,/company/2168.html
585,万成物业服务,/company/1140.html
586,池州市贵池区悦人耳目足疗养生会所,/company/2153.html
587,池州市家乐文化传媒有限公司,/company/813.html
590,贵池区艺菲造型理发店,/company/1377.html
595,池州名巢靓家装饰工程有限公司,/company/2.html
597,池州市博悦汽车维保服务有限公司,/company/2060.html
603,池州启亚广告传媒有限公司,/company/1135.html
607,安徽陌上星企业管理有限公司,/company/2204.html
609,池州市华奥汽车销售服务有限公司,/company/206.html
610,安徽省三星徽煌装饰设计工程有限公司,/company/1515.html
611,安徽柯力电气制造有限公司,/company/1485.html
614,池州市九华府金莲智慧农业有限公司,/company/886.html
616,平天湖风景区母婴坊婴童经营部,/company/2038.html
617,池州镜面皮肤管理中心,/company/2205.html
621,伊人婚庆,/company/305.html
623,众联房产有限公司,/company/878.html
626,池州市站前区阳光商务宾馆,/company/1984.html
629,安徽新彩虹饲料科技有限公司,/company/1745.html
630,学思行教育课外辅导公司,/company/2055.html
631,池州市阳光康复中心,/company/1390.html
633,安徽江南爆破工程有限公司池州分公司,/company/2061.html
634,安徽易硕医学科技,/company/2053.html
636,贵池区艾丝美发店,/company/2046.html
639,YUNSHUO允硕,/company/1614.html
640,池州市池城网络科技有限公司,/company/2010.html
642,池州鑫盛汽车销售服务有限公司,/company/117.html
644,池州市忆超凡教育咨询有限公司,/company/1997.html
645,江阴优乐童装有限公司,/company/1114.html
652,当哥服饰经营部,/company/1974.html
653,安徽石台旅游发展股份有限公司园林管理分公司,/company/1426.html
658,池州市鼎街商业管理有限公司,/company/2069.html
659,池州市鸿兴建筑安装工程有限责任公司,/company/2040.html
660,池州爱尔眼科医院有限公司,/company/2045.html
662,贵池区巨石纯歌娱乐会所,/company/2054.html
665,池州市黄埔中学,/company/1430.html
668,学未央教育,/company/2021.html
669,池州汉诺威机电设备科技有公司,/company/1938.html
670,安徽昊天物业服务有限公司池州分公司,/company/128.html
671,安徽罗曼缘酒店管理有限公司,/company/2043.html
674,安徽绿港农仓电子商务有限公司,/company/2028.html
675,安徽省金匠雕塑有限公司,/company/1998.html
676,合肥诺成教育池州分校,/company/333.html
677,九华山九莲苑宾馆,/company/742.html
678,安徽省九华山陵园有限公司,/company/1103.html
679,平天湖风景区古月装潢设计中心,/company/2029.html
684,池州市安康房产经纪有限公司,/company/283.html
687,池州君达牧业有限公司,/company/1300.html
689,池州极光信息技术有限公司,/company/1584.html
690,安徽徽居房地产营销策划有限公司,/company/2089.html
691,贵池区王霞仓储服务部,/company/633.html
693,池州天翔机电设备有限公司,/company/1661.html
694,青阳县蓉城镇祺丰粮油商行,/company/672.html
695,安徽速网信息技术有限公司,/company/706.html
697,贵池区志翔电脑服务中心,/company/1800.html
698,安徽省艺捷广告有限公司,/company/2102.html
701,安徽九华山旅游发展股份有限公司,/company/16.html
703,池州市祺祥服饰有限公司,/company/2009.html
705,池州市贵池区超港食品烘焙坊,/company/1470.html
707,池州市鑫富矿业有限公司,/company/1992.html
708,池州市站前区中宇卫浴营销中心,/company/401.html
711,池州汉诺威机电设备科技有限公司,/company/682.html
713,池州市同泰和商贸有限公司,/company/1988.html
714,池州诚工水泥预制厂,/company/1987.html
715,池州东辰商务信息咨询服务有限公司,/company/1726.html
716,安徽通泰建筑工程有限公司,/company/234.html
717,池州大唐钙化物有限公司,/company/2031.html
719,贵池区T咪造型店,/company/2017.html
720,池州市盛尚源餐饮管理有限公司,/company/2007.html
722,池州市车逸轩快修服务中心,/company/1251.html
723,池州市创为广告有限公司,/company/1563.html
724,菜鸟网咖,/company/2013.html
725,池州市启赋少儿咨询服务有限公司,/company/542.html
729,池州市江南芳芳餐饮服务有限公司,/company/1759.html
730,池州市林乐建材销售有限公司,/company/1272.html
734,安徽本草拾遗生物研究有限公司,/company/67.html
736,池州市华博建筑安装工程有限公司,/company/1907.html
737,贵池区嘉旺厨房用具店,/company/1544.html
739,安徽钜固安全封条科技有限公司,/company/2003.html
740,长岗幼儿园,/company/1214.html
741,池州市合力再生资源利用有限公司,/company/2080.html
747,青阳县润峰广告有限公司,/company/2108.html
748,池州市恒晟建筑装饰工程有限公司,/company/218.html
751,池州一号公馆娱乐有限公司,/company/1858.html
753,锦尚酒店,/company/1134.html
755,伊晗母婴用品销售中心,/company/2096.html
756,贵池区友家建材店,/company/1743.html
761,池州悦美文化艺术咨询服务有限公司,/company/2100.html
763,安徽源邦机械设备有限公司,/company/1983.html
764,安徽省杏花村文化旅游发展有限公司,/company/874.html
766,池州市安顺汽车销售服务有限公司,/company/889.html
767,池州远博科技软件,/company/280.html
768,大地影院,/company/1946.html
769,安徽恒河动力新能源科技有限公司,/company/1963.html
770,禄思伟矿业资源（安徽）有限公司,/company/1652.html
771,源邦设备有限公司,/company/1940.html
772,池州东来文化传播有限公司,/company/1865.html
773,贵池区希望教育咨询服务中心,/company/1391.html
776,池州金牌盛典文化产业投资有限公司,/company/232.html
777,池州中宜包装有限公司,/company/1889.html
784,贵池区南大门通讯设备经营部,/company/2095.html
785,池州君斯财务有限公司,/company/2098.html
786,平天湖风景区百姓饭店,/company/2097.html
787,安徽中建世纪兴房地产土地评估有限公司池州分公司,/company/2066.html
788,点点灯饰,/company/1066.html
792,彩钢瓦零售,/company/1933.html
797,安徽绿创精密电子科技有限公司,/company/785.html
804,池州港远航控股有限公司,/company/1001.html
809,尕力顿网吧,/company/1959.html
812,池州市爱家房地产经纪有限公司,/company/711.html
813,安徽绿健检测技术服务有限公司,/company/60.html
814,上海途美装潢设计有限公司,/company/1271.html
817,华陵灯饰有限责任公司,/company/1945.html
818,池州一起突然网络科技有限公司,/company/1585.html
821,池州福居房地产经纪有限公司,/company/1886.html
825,中国平安财产保险股份有限公司池州中心支公司,/company/2030.html
828,池州市人生无限网络科技有限公司,/company/1687.html
831,安徽亿川会计师事务所（普通合伙）,/company/1773.html
835,安徽蓝天下电子商务有限公司,/company/2008.html
839,池州市雄图信息商务咨询有限公司,/company/2047.html
840,池州鑫建安建筑劳务服务有限公司,/company/2049.html
842,安徽老渔翁投资控股有限公司,/company/202.html
843,池州体彩中心,/company/31.html
846,池州市凯昱建筑节能科技有限公司,/company/1975.html
847,贵池区博汪母婴用品店,/company/1976.html
848,上海麟膳餐饮管理有限公司,/company/294.html
851,正知艺术培训中心,/company/1880.html
853,池州市五星电脑有限责任公司,/company/1903.html
858,安徽盛唐工程咨询集团有限公司,/company/853.html
859,芜湖团圆网络科技有限公司,/company/1373.html
862,池州市河滨幼儿园,/company/1956.html
865,安徽辰元物业管理有限公司池州分公司,/company/66.html
866,青阳县远恒模具制造有限公司,/company/589.html
868,安徽漫渺保健科技有限公司,/company/339.html
869,添荣电子商务,/company/518.html
871,安徽九华山旅游发展股份有限公司东崖宾馆,/company/1415.html
874,安徽皖通科技股份有限公司,/company/1478.html
875,池州市工程建设监理有限公司,/company/923.html
876,池州三骏财务咨询有限公司,/company/114.html
879,平天湖风景区佳天乐建材经营部,/company/1931.html
882,安徽茶溪建设开发有限公司,/company/1508.html
885,爱辣啵啵鱼餐厅,/company/1831.html
886,金地物业池州分公司,/company/1849.html
888,池州市九华山弘愿旅游发展有限公司,/company/1892.html
892,池州猎手网络科技有限公司,/company/1594.html
893,池州市天水湾大酒店有限公司,/company/1878.html
895,江苏悠迅网络科技有限公司,/company/1194.html
900,池州华宏建筑工程有限公司,/company/1406.html
901,福建盼盼饮料有限公司,/company/1902.html
902,贵池区迷你照相馆,/company/1899.html
906,池州中企智胜财务咨询有限公司,/company/1885.html
907,池州铜顺汽贸有限责任公司,/company/42.html
909,池州市祥顺汽车销售服务有限公司,/company/364.html
915,池州同城生活文化传媒有限公司,/company/772.html
920,池州市天方富硒生物科技有限公司,/company/1867.html
923,池州市捷途汽车销售服务有限公司,/company/1762.html
924,池州市金禾物流有限责任公司,/company/863.html
925,池州市站前区东湖汽配销售公司,/company/1640.html
927,贵池区大西瓜亲子摄影馆,/company/219.html
930,上海阔礼商务咨询有限公司,/company/1803.html
934,安徽思埠社交电商服务有限公司,/company/1807.html
937,池州秀齐商贸有限公司,/company/1598.html
941,池州宝景汽车销售服务有限公司,/company/1523.html
942,池州市尚都观景酒店有限公司,/company/38.html
945,池州市明恒汽车销售服务有限公司,/company/1254.html
947,安徽省艺海潮广告展览有限公司,/company/1844.html
950,宝马金融,/company/1654.html
952,上海睿财信息科技有限公司,/company/676.html
958,池州市精信人力资源服务有限公司,/company/275.html
959,池州与你婚舍文化传媒有限公司,/company/1822.html
963,池州市援通智慧养老服务中心,/company/988.html
964,君庭软装,/company/1604.html
968,贵池区天时信通讯器材经营部,/company/1777.html
969,池州市橄榄树职业美容院,/company/1772.html
973,池州市恒瑞电子科技有限公司,/company/282.html
974,池州六脉电子商务有限公司,/company/1701.html
975,芝麻花教育,/company/1049.html
976,池州市昭明商贸有限公司,/company/1207.html
977,池州市城北物业服务有限公司,/company/1753.html
979,上海明暄股权投资基金管理有限公司池州分公司,/company/1693.html
981,水云轩足浴会所,/company/1847.html
983,平天湖风景区山河酒类经营部,/company/1837.html
985,池州市芯达电子科技有限公司,/company/637.html
987,贵池区童欣幼儿园,/company/1769.html
988,池州市杭家卫浴,/company/1852.html
989,池州天腾信息技术有限公司,/company/1576.html
995,池州泰达文化传媒有限公司,/company/1840.html
996,池州市鑫荣袜业有限公司,/company/1787.html
